	Kingdom	Phylum	Class	Order	Family	Genus	Species
ASV1	Bacteria	Proteobacteria	Gammaproteobacteria	Enterobacterales	Enterobacteriaceae	Escherichia/Shigella	coli
ASV2	Bacteria	Bacteroidota	Bacteroidia	Bacteroidales	Bacteroidaceae	Bacteroides	vulgatus
ASV3	Bacteria	Proteobacteria	Gammaproteobacteria	Enterobacterales	Enterobacteriaceae	Escherichia/Shigella	NA
ASV4	Bacteria	Verrucomicrobiota	Verrucomicrobiae	Verrucomicrobiales	Akkermansiaceae	Akkermansia	NA
ASV5	Bacteria	Proteobacteria	Gammaproteobacteria	Enterobacterales	Enterobacteriaceae	Escherichia/Shigella	NA
ASV6	Bacteria	Bacteroidota	Bacteroidia	Bacteroidales	Bacteroidaceae	Bacteroides	NA
ASV7	Bacteria	Bacteroidota	Bacteroidia	Bacteroidales	Bacteroidaceae	Bacteroides	NA
ASV8	Bacteria	Bacteroidota	Bacteroidia	Bacteroidales	Bacteroidaceae	Bacteroides	NA
ASV9	Bacteria	Bacteroidota	Bacteroidia	Bacteroidales	Bacteroidaceae	Bacteroides	vulgatus
ASV10	Bacteria	Firmicutes	Clostridia	Oscillospirales	Ruminococcaceae	Subdoligranulum	NA
ASV11	Bacteria	Firmicutes	Clostridia	Oscillospirales	Ruminococcaceae	Faecalibacterium	NA
ASV12	Bacteria	Bacteroidota	Bacteroidia	Bacteroidales	Bacteroidaceae	Bacteroides	vulgatus
ASV13	Bacteria	Bacteroidota	Bacteroidia	Bacteroidales	Bacteroidaceae	Bacteroides	NA
ASV14	Bacteria	Bacteroidota	Bacteroidia	Bacteroidales	Bacteroidaceae	Bacteroides	vulgatus
ASV15	Bacteria	Firmicutes	Clostridia	Oscillospirales	Ruminococcaceae	Subdoligranulum	NA
ASV16	Bacteria	Firmicutes	Clostridia	Oscillospirales	Ruminococcaceae	Faecalibacterium	NA
ASV17	Bacteria	Firmicutes	Clostridia	Oscillospirales	Ruminococcaceae	Subdoligranulum	NA
ASV19	Bacteria	Firmicutes	Clostridia	Oscillospirales	Ruminococcaceae	Subdoligranulum	NA
ASV20	Bacteria	Proteobacteria	Gammaproteobacteria	Enterobacterales	Enterobacteriaceae	Escherichia/Shigella	coli
ASV21	Bacteria	Proteobacteria	Gammaproteobacteria	Enterobacterales	Enterobacteriaceae	Citrobacter	NA
ASV22	Bacteria	Proteobacteria	Gammaproteobacteria	Enterobacterales	Enterobacteriaceae	Escherichia/Shigella	NA
ASV23	Bacteria	Firmicutes	Clostridia	Oscillospirales	Ruminococcaceae	Faecalibacterium	NA
ASV24	Bacteria	Firmicutes	Negativicutes	Veillonellales-Selenomonadales	Veillonellaceae	Dialister	NA
ASV25	Bacteria	Firmicutes	Clostridia	Oscillospirales	Ruminococcaceae	Subdoligranulum	NA
ASV26	Bacteria	Firmicutes	Clostridia	Oscillospirales	Ruminococcaceae	Faecalibacterium	NA
ASV27	Bacteria	Bacteroidota	Bacteroidia	Bacteroidales	Rikenellaceae	Alistipes	NA
ASV28	Bacteria	Firmicutes	Clostridia	Oscillospirales	Ruminococcaceae	Faecalibacterium	NA
ASV29	Bacteria	Bacteroidota	Bacteroidia	Bacteroidales	Rikenellaceae	Alistipes	inops
ASV30	Bacteria	Bacteroidota	Bacteroidia	Bacteroidales	Bacteroidaceae	Bacteroides	vulgatus
ASV31	Bacteria	Bacteroidota	Bacteroidia	Bacteroidales	Bacteroidaceae	Bacteroides	NA
ASV32	Bacteria	Bacteroidota	Bacteroidia	Bacteroidales	Bacteroidaceae	Bacteroides	NA
ASV33	Bacteria	Firmicutes	Clostridia	Oscillospirales	Ruminococcaceae	Faecalibacterium	NA
ASV34	Bacteria	Bacteroidota	Bacteroidia	Bacteroidales	Bacteroidaceae	Bacteroides	dorei
ASV35	Bacteria	Firmicutes	Clostridia	Oscillospirales	Ruminococcaceae	Faecalibacterium	NA
ASV36	Bacteria	Firmicutes	Clostridia	Oscillospirales	Ruminococcaceae	Faecalibacterium	NA
ASV37	Bacteria	Firmicutes	Clostridia	Oscillospirales	Ruminococcaceae	Faecalibacterium	NA
ASV38	Bacteria	Firmicutes	Clostridia	Oscillospirales	Oscillospiraceae	UCG-002	NA
ASV39	Bacteria	Firmicutes	Clostridia	Oscillospirales	Ruminococcaceae	Faecalibacterium	NA
ASV40	Bacteria	Proteobacteria	Gammaproteobacteria	Enterobacterales	Enterobacteriaceae	Escherichia/Shigella	NA
ASV41	Bacteria	Firmicutes	Clostridia	Oscillospirales	NA	NA	NA
ASV42	Bacteria	Firmicutes	Clostridia	Oscillospirales	Oscillospiraceae	UCG-002	NA
ASV43	Bacteria	Firmicutes	Clostridia	Oscillospirales	Ruminococcaceae	Subdoligranulum	NA
ASV44	Bacteria	Firmicutes	Clostridia	Oscillospirales	Ruminococcaceae	Faecalibacterium	NA
ASV45	Bacteria	Firmicutes	Clostridia	Oscillospirales	Ruminococcaceae	Faecalibacterium	NA
ASV46	Bacteria	Firmicutes	Clostridia	Oscillospirales	Ruminococcaceae	Faecalibacterium	NA
ASV47	Bacteria	Firmicutes	Negativicutes	Veillonellales-Selenomonadales	Veillonellaceae	Dialister	NA
ASV49	Bacteria	Firmicutes	Clostridia	Oscillospirales	Ruminococcaceae	Subdoligranulum	NA
ASV50	Bacteria	Firmicutes	Clostridia	Oscillospirales	Ruminococcaceae	Faecalibacterium	NA
ASV51	Bacteria	Bacteroidota	Bacteroidia	Bacteroidales	Bacteroidaceae	Bacteroides	dorei
ASV52	Bacteria	Firmicutes	Clostridia	Lachnospirales	Lachnospiraceae	Agathobacter	NA
ASV53	Bacteria	Firmicutes	Clostridia	Oscillospirales	Oscillospiraceae	UCG-002	NA
ASV54	Bacteria	Firmicutes	Clostridia	Oscillospirales	Ruminococcaceae	Faecalibacterium	NA
ASV55	Bacteria	Bacteroidota	Bacteroidia	Bacteroidales	Bacteroidaceae	Bacteroides	NA
ASV56	Bacteria	Bacteroidota	Bacteroidia	Bacteroidales	Bacteroidaceae	Bacteroides	dorei
ASV57	Bacteria	Firmicutes	Clostridia	Christensenellales	Christensenellaceae	Christensenellaceae_R-7_group	NA
ASV58	Bacteria	Proteobacteria	Gammaproteobacteria	Enterobacterales	Enterobacteriaceae	NA	NA
ASV59	Bacteria	Firmicutes	Clostridia	Oscillospirales	Ruminococcaceae	Faecalibacterium	NA
ASV61	Bacteria	Bacteroidota	Bacteroidia	Bacteroidales	Prevotellaceae	Prevotella	NA
ASV62	Bacteria	Firmicutes	Clostridia	Oscillospirales	Ruminococcaceae	Faecalibacterium	NA
ASV63	Bacteria	Firmicutes	Clostridia	Oscillospirales	Ruminococcaceae	Faecalibacterium	NA
ASV64	Bacteria	Firmicutes	Clostridia	Oscillospirales	Ruminococcaceae	Faecalibacterium	NA
ASV65	Bacteria	Firmicutes	Clostridia	Oscillospirales	Ruminococcaceae	Subdoligranulum	NA
ASV66	Bacteria	Firmicutes	Clostridia	Oscillospirales	Ruminococcaceae	Subdoligranulum	NA
ASV67	Bacteria	Firmicutes	Clostridia	Oscillospirales	Ruminococcaceae	Faecalibacterium	NA
ASV68	Bacteria	Firmicutes	Clostridia	Oscillospirales	Ruminococcaceae	Faecalibacterium	NA
ASV69	Bacteria	Firmicutes	Clostridia	Oscillospirales	Ruminococcaceae	Faecalibacterium	prausnitzii
ASV70	Bacteria	Bacteroidota	Bacteroidia	Bacteroidales	Bacteroidaceae	Bacteroides	vulgatus
ASV71	Bacteria	Firmicutes	Clostridia	Oscillospirales	Ruminococcaceae	Subdoligranulum	NA
ASV72	Bacteria	Firmicutes	Clostridia	Clostridia_UCG-014	NA	NA	NA
ASV73	Bacteria	Firmicutes	Bacilli	RF39	NA	NA	NA
ASV74	Bacteria	Firmicutes	Clostridia	Oscillospirales	Oscillospiraceae	UCG-002	NA
ASV75	Bacteria	Proteobacteria	Gammaproteobacteria	Enterobacterales	Enterobacteriaceae	Escherichia/Shigella	coli
ASV76	Bacteria	Firmicutes	Negativicutes	Veillonellales-Selenomonadales	Veillonellaceae	Dialister	invisus
ASV77	Bacteria	Firmicutes	Clostridia	Oscillospirales	Ruminococcaceae	Subdoligranulum	NA
ASV78	Bacteria	Firmicutes	Clostridia	Lachnospirales	Lachnospiraceae	Lachnospiraceae_NK4A136_group	NA
ASV79	Bacteria	Bacteroidota	Bacteroidia	Bacteroidales	Rikenellaceae	Alistipes	NA
ASV80	Bacteria	Firmicutes	Clostridia	Oscillospirales	Ruminococcaceae	Subdoligranulum	NA
ASV81	Bacteria	Verrucomicrobiota	Verrucomicrobiae	Verrucomicrobiales	Akkermansiaceae	Akkermansia	NA
ASV82	Bacteria	Firmicutes	Clostridia	Oscillospirales	Ruminococcaceae	Faecalibacterium	NA
ASV83	Bacteria	Bacteroidota	Bacteroidia	Bacteroidales	Bacteroidaceae	Bacteroides	NA
ASV84	Bacteria	Firmicutes	Clostridia	Christensenellales	Christensenellaceae	Christensenellaceae_R-7_group	NA
ASV85	Bacteria	Firmicutes	Clostridia	Oscillospirales	Ruminococcaceae	Faecalibacterium	NA
ASV86	Bacteria	Firmicutes	Clostridia	Oscillospirales	Ruminococcaceae	Subdoligranulum	NA
ASV87	Bacteria	Firmicutes	Clostridia	Oscillospirales	Ruminococcaceae	Subdoligranulum	NA
ASV88	Bacteria	Firmicutes	Clostridia	Oscillospirales	Ruminococcaceae	Subdoligranulum	NA
ASV90	Bacteria	Firmicutes	Clostridia	Oscillospirales	Oscillospiraceae	Oscillibacter	NA
ASV91	Bacteria	Proteobacteria	Gammaproteobacteria	Enterobacterales	Enterobacteriaceae	Citrobacter	NA
ASV93	Bacteria	Bacteroidota	Bacteroidia	Bacteroidales	Bacteroidaceae	Bacteroides	NA
ASV94	Bacteria	Proteobacteria	Gammaproteobacteria	Enterobacterales	Enterobacteriaceae	Escherichia/Shigella	NA
ASV95	Bacteria	Firmicutes	Clostridia	Oscillospirales	Ruminococcaceae	Faecalibacterium	NA
ASV97	Bacteria	Firmicutes	Clostridia	Oscillospirales	Ruminococcaceae	Subdoligranulum	NA
ASV98	Bacteria	Bacteroidota	Bacteroidia	Bacteroidales	Bacteroidaceae	Bacteroides	NA
ASV99	Bacteria	Firmicutes	Clostridia	Oscillospirales	Ruminococcaceae	Faecalibacterium	NA
ASV100	Bacteria	Bacteroidota	Bacteroidia	Bacteroidales	Bacteroidaceae	Bacteroides	NA
ASV102	Bacteria	Firmicutes	Clostridia	Oscillospirales	Ruminococcaceae	Faecalibacterium	NA
ASV103	Bacteria	Bacteroidota	Bacteroidia	Bacteroidales	Bacteroidaceae	Bacteroides	NA
ASV104	Bacteria	Firmicutes	Clostridia	Oscillospirales	Ruminococcaceae	UBA1819	NA
ASV106	Bacteria	Bacteroidota	Bacteroidia	Bacteroidales	Bacteroidaceae	Bacteroides	NA
ASV110	Bacteria	Firmicutes	Clostridia	Oscillospirales	Ruminococcaceae	Faecalibacterium	NA
ASV111	Bacteria	Bacteroidota	Bacteroidia	Bacteroidales	Rikenellaceae	Alistipes	NA
ASV112	Bacteria	Proteobacteria	Gammaproteobacteria	Enterobacterales	Enterobacteriaceae	Escherichia/Shigella	NA
ASV113	Bacteria	Proteobacteria	Gammaproteobacteria	Enterobacterales	Enterobacteriaceae	Escherichia/Shigella	NA
ASV114	Bacteria	Verrucomicrobiota	Verrucomicrobiae	Verrucomicrobiales	Akkermansiaceae	Akkermansia	NA
ASV115	Bacteria	Firmicutes	Clostridia	Lachnospirales	Lachnospiraceae	Lachnospiraceae_NK4A136_group	NA
ASV116	Bacteria	Bacteroidota	Bacteroidia	Bacteroidales	Bacteroidaceae	Bacteroides	NA
ASV117	Bacteria	Firmicutes	Clostridia	Lachnospirales	Lachnospiraceae	NA	NA
ASV119	Bacteria	Firmicutes	Clostridia	Lachnospirales	Lachnospiraceae	Eisenbergiella	NA
ASV120	Bacteria	Firmicutes	Clostridia	Oscillospirales	Ruminococcaceae	Faecalibacterium	NA
ASV121	Bacteria	Bacteroidota	Bacteroidia	Bacteroidales	Bacteroidaceae	Bacteroides	NA
ASV122	Bacteria	Firmicutes	Clostridia	Oscillospirales	Oscillospiraceae	UCG-002	NA
ASV123	Bacteria	Bacteroidota	Bacteroidia	Bacteroidales	Bacteroidaceae	Bacteroides	NA
ASV124	Bacteria	Firmicutes	Clostridia	Oscillospirales	Oscillospiraceae	UCG-002	NA
ASV127	Bacteria	Firmicutes	Clostridia	Oscillospirales	Oscillospiraceae	UCG-002	NA
ASV128	Bacteria	Firmicutes	Clostridia	Christensenellales	Christensenellaceae	Christensenellaceae_R-7_group	NA
ASV130	Bacteria	Firmicutes	Clostridia	Oscillospirales	Ruminococcaceae	Faecalibacterium	NA
ASV131	Bacteria	Firmicutes	Clostridia	Oscillospirales	Ruminococcaceae	Faecalibacterium	NA
ASV132	Bacteria	Firmicutes	Clostridia	Oscillospirales	NA	NA	NA
ASV133	Bacteria	Bacteroidota	Bacteroidia	Bacteroidales	Rikenellaceae	Alistipes	NA
ASV134	Bacteria	Firmicutes	Clostridia	Oscillospirales	Ruminococcaceae	Subdoligranulum	NA
ASV135	Bacteria	Firmicutes	Negativicutes	Veillonellales-Selenomonadales	Veillonellaceae	Dialister	NA
ASV136	Bacteria	Firmicutes	Clostridia	Oscillospirales	Oscillospiraceae	Oscillibacter	NA
ASV137	Bacteria	Firmicutes	Clostridia	Oscillospirales	Ruminococcaceae	Faecalibacterium	NA
ASV138	Bacteria	Firmicutes	Clostridia	Oscillospirales	NA	NA	NA
ASV139	Bacteria	Bacteroidota	Bacteroidia	Bacteroidales	Bacteroidaceae	Bacteroides	NA
ASV140	Bacteria	Firmicutes	Clostridia	Oscillospirales	Ruminococcaceae	Subdoligranulum	NA
ASV142	Bacteria	Bacteroidota	Bacteroidia	Bacteroidales	Bacteroidaceae	Bacteroides	fragilis
ASV143	Bacteria	Firmicutes	Clostridia	Oscillospirales	Ruminococcaceae	Subdoligranulum	NA
ASV144	Bacteria	Firmicutes	Clostridia	Oscillospirales	Ruminococcaceae	Subdoligranulum	NA
ASV145	Bacteria	Firmicutes	Clostridia	Oscillospirales	Ruminococcaceae	Faecalibacterium	NA
ASV146	Bacteria	Firmicutes	Clostridia	Oscillospirales	Oscillospiraceae	UCG-002	NA
ASV147	Bacteria	Firmicutes	Clostridia	Oscillospirales	Ruminococcaceae	Faecalibacterium	NA
ASV148	Bacteria	Firmicutes	Clostridia	Oscillospirales	Ruminococcaceae	Faecalibacterium	NA
ASV149	Bacteria	Bacteroidota	Bacteroidia	Bacteroidales	Bacteroidaceae	Bacteroides	NA
ASV150	Bacteria	Firmicutes	Clostridia	Peptostreptococcales-Tissierellales	Peptostreptococcaceae	Romboutsia	NA
ASV151	Bacteria	Firmicutes	Negativicutes	Acidaminococcales	Acidaminococcaceae	Phascolarctobacterium	NA
ASV152	Bacteria	Firmicutes	Clostridia	Lachnospirales	Lachnospiraceae	Lachnospiraceae_NK4A136_group	NA
ASV153	Bacteria	Firmicutes	Clostridia	Christensenellales	Christensenellaceae	Christensenellaceae_R-7_group	NA
ASV154	Bacteria	Bacteroidota	Bacteroidia	Bacteroidales	Bacteroidaceae	Bacteroides	NA
ASV155	Bacteria	Firmicutes	Clostridia	Oscillospirales	NA	NA	NA
ASV156	Bacteria	Bacteroidota	Bacteroidia	Bacteroidales	Bacteroidaceae	Bacteroides	NA
ASV157	Bacteria	Firmicutes	Clostridia	Christensenellales	Christensenellaceae	Christensenellaceae_R-7_group	NA
ASV158	Bacteria	Firmicutes	Clostridia	Oscillospirales	Ruminococcaceae	Faecalibacterium	NA
ASV159	Bacteria	Firmicutes	Clostridia	Oscillospirales	Ruminococcaceae	Faecalibacterium	NA
ASV160	Bacteria	Proteobacteria	Gammaproteobacteria	Pasteurellales	Pasteurellaceae	Haemophilus	NA
ASV161	Bacteria	Bacteroidota	Bacteroidia	Bacteroidales	Rikenellaceae	Alistipes	NA
ASV162	Bacteria	Firmicutes	Clostridia	Oscillospirales	Oscillospiraceae	UCG-002	NA
ASV163	Bacteria	Proteobacteria	Gammaproteobacteria	Enterobacterales	Enterobacteriaceae	Escherichia/Shigella	NA
ASV165	Bacteria	Firmicutes	Clostridia	Oscillospirales	NA	NA	NA
ASV166	Bacteria	Firmicutes	Clostridia	Oscillospirales	Ruminococcaceae	Faecalibacterium	NA
ASV167	Bacteria	Firmicutes	Clostridia	Oscillospirales	Ruminococcaceae	Faecalibacterium	NA
ASV168	Bacteria	Firmicutes	Bacilli	Lactobacillales	Streptococcaceae	Streptococcus	NA
ASV171	Bacteria	Firmicutes	Clostridia	Oscillospirales	Ruminococcaceae	Faecalibacterium	NA
ASV173	Bacteria	Proteobacteria	Gammaproteobacteria	Enterobacterales	Hafniaceae	Hafnia-Obesumbacterium	NA
ASV174	Bacteria	Bacteroidota	Bacteroidia	Bacteroidales	Bacteroidaceae	Bacteroides	NA
ASV176	Bacteria	Firmicutes	Clostridia	Oscillospirales	NA	NA	NA
ASV177	Bacteria	Firmicutes	Clostridia	Oscillospirales	Ruminococcaceae	Faecalibacterium	NA
ASV178	Bacteria	Firmicutes	Clostridia	Oscillospirales	Oscillospiraceae	UCG-002	NA
ASV179	Bacteria	Firmicutes	Clostridia	Lachnospirales	Lachnospiraceae	Eisenbergiella	NA
ASV180	Bacteria	Bacteroidota	Bacteroidia	Bacteroidales	Bacteroidaceae	Bacteroides	NA
ASV181	Bacteria	Bacteroidota	Bacteroidia	Bacteroidales	Rikenellaceae	Alistipes	NA
ASV182	Bacteria	Firmicutes	Bacilli	Lactobacillales	Streptococcaceae	Streptococcus	NA
ASV183	Bacteria	Firmicutes	Clostridia	Oscillospirales	Ruminococcaceae	Subdoligranulum	NA
ASV185	Bacteria	Firmicutes	Clostridia	Lachnospirales	Lachnospiraceae	NA	NA
ASV187	Bacteria	Firmicutes	Clostridia	Lachnospirales	Lachnospiraceae	NA	NA
ASV188	Bacteria	Firmicutes	Clostridia	Oscillospirales	Ruminococcaceae	Subdoligranulum	NA
ASV189	Bacteria	Bacteroidota	Bacteroidia	Bacteroidales	Bacteroidaceae	Bacteroides	NA
ASV191	Bacteria	Firmicutes	Clostridia	Oscillospirales	Ruminococcaceae	Faecalibacterium	NA
ASV192	Bacteria	Firmicutes	Clostridia	Oscillospirales	Ruminococcaceae	Faecalibacterium	NA
ASV195	Bacteria	Bacteroidota	Bacteroidia	Bacteroidales	Bacteroidaceae	Bacteroides	NA
ASV196	Bacteria	Firmicutes	Clostridia	Oscillospirales	Ruminococcaceae	Subdoligranulum	NA
ASV197	Bacteria	Bacteroidota	Bacteroidia	Bacteroidales	Tannerellaceae	Parabacteroides	merdae
ASV198	Bacteria	Firmicutes	Negativicutes	Veillonellales-Selenomonadales	Veillonellaceae	Dialister	NA
ASV199	Bacteria	Firmicutes	Clostridia	Lachnospirales	Lachnospiraceae	Anaerostipes	NA
ASV200	Bacteria	Bacteroidota	Bacteroidia	Bacteroidales	Bacteroidaceae	Bacteroides	NA
ASV201	Bacteria	Firmicutes	Clostridia	Peptostreptococcales-Tissierellales	Peptostreptococcaceae	Romboutsia	NA
ASV202	Bacteria	Firmicutes	Clostridia	Oscillospirales	Ruminococcaceae	Faecalibacterium	NA
ASV204	Bacteria	Firmicutes	Clostridia	Oscillospirales	Oscillospiraceae	Oscillibacter	NA
ASV205	Bacteria	Firmicutes	Clostridia	Lachnospirales	Lachnospiraceae	Anaerostipes	NA
ASV206	Bacteria	Firmicutes	Clostridia	Clostridia_UCG-014	NA	NA	NA
ASV207	Bacteria	Firmicutes	Clostridia	Oscillospirales	Ruminococcaceae	Negativibacillus	NA
ASV209	Bacteria	Firmicutes	Negativicutes	Veillonellales-Selenomonadales	Veillonellaceae	Dialister	NA
ASV210	Bacteria	Firmicutes	Clostridia	Oscillospirales	Oscillospiraceae	UCG-002	NA
ASV211	Bacteria	Firmicutes	Clostridia	Oscillospirales	Ruminococcaceae	Subdoligranulum	NA
ASV212	Bacteria	Firmicutes	Clostridia	Oscillospirales	Ruminococcaceae	Faecalibacterium	NA
ASV213	Bacteria	Bacteroidota	Bacteroidia	Bacteroidales	Rikenellaceae	Rikenellaceae_RC9_gut_group	NA
ASV214	Bacteria	Firmicutes	Clostridia	Oscillospirales	Oscillospiraceae	UCG-002	NA
ASV215	Bacteria	Bacteroidota	Bacteroidia	Bacteroidales	Tannerellaceae	Parabacteroides	NA
ASV216	Bacteria	Firmicutes	Clostridia	Oscillospirales	Ruminococcaceae	Subdoligranulum	NA
ASV217	Bacteria	Firmicutes	Clostridia	Oscillospirales	NA	NA	NA
ASV219	Bacteria	Bacteroidota	Bacteroidia	Bacteroidales	Rikenellaceae	Alistipes	finegoldii
ASV220	Bacteria	Firmicutes	Clostridia	Oscillospirales	Ruminococcaceae	Faecalibacterium	NA
ASV221	Bacteria	Bacteroidota	Bacteroidia	Bacteroidales	Bacteroidaceae	Bacteroides	fragilis
ASV223	Bacteria	Firmicutes	Clostridia	Oscillospirales	Ruminococcaceae	Subdoligranulum	NA
ASV224	Bacteria	Firmicutes	Clostridia	Oscillospirales	Ruminococcaceae	Faecalibacterium	NA
ASV225	Bacteria	Firmicutes	Clostridia	Lachnospirales	Lachnospiraceae	Agathobacter	NA
ASV228	Bacteria	Firmicutes	Clostridia	Oscillospirales	Oscillospiraceae	UCG-005	NA
ASV229	Bacteria	Firmicutes	Clostridia	Christensenellales	Christensenellaceae	Christensenellaceae_R-7_group	NA
ASV230	Bacteria	Firmicutes	Clostridia	Oscillospirales	Oscillospiraceae	UCG-002	NA
ASV232	Bacteria	Firmicutes	Clostridia	Oscillospirales	Ruminococcaceae	Faecalibacterium	NA
ASV233	Bacteria	Bacteroidota	Bacteroidia	Bacteroidales	Rikenellaceae	Alistipes	onderdonkii
ASV234	Bacteria	Firmicutes	Clostridia	Oscillospirales	Ruminococcaceae	Faecalibacterium	NA
ASV235	Bacteria	Firmicutes	Clostridia	Oscillospirales	Oscillospiraceae	UCG-002	NA
ASV236	Bacteria	Firmicutes	Clostridia	Oscillospirales	Ruminococcaceae	Subdoligranulum	NA
ASV237	Bacteria	Proteobacteria	Gammaproteobacteria	Enterobacterales	Morganellaceae	Proteus	NA
ASV238	Bacteria	Bacteroidota	Bacteroidia	Bacteroidales	Bacteroidaceae	Bacteroides	NA
ASV239	Bacteria	Firmicutes	Clostridia	Oscillospirales	Ruminococcaceae	Incertae_Sedis	NA
ASV240	Bacteria	Firmicutes	Clostridia	Oscillospirales	Oscillospiraceae	UCG-002	NA
ASV241	Bacteria	Firmicutes	Clostridia	Clostridia_UCG-014	NA	NA	NA
ASV242	Bacteria	Bacteroidota	Bacteroidia	Bacteroidales	Bacteroidaceae	Bacteroides	NA
ASV243	Bacteria	Firmicutes	Clostridia	Oscillospirales	NA	NA	NA
ASV244	Bacteria	Firmicutes	Clostridia	Oscillospirales	Ruminococcaceae	Faecalibacterium	NA
ASV245	Bacteria	Bacteroidota	Bacteroidia	Bacteroidales	Bacteroidaceae	Bacteroides	fragilis
ASV246	Bacteria	Firmicutes	Clostridia	Oscillospirales	Ruminococcaceae	Subdoligranulum	NA
ASV247	Bacteria	Firmicutes	Clostridia	Lachnospirales	Lachnospiraceae	Agathobacter	NA
ASV248	Bacteria	Firmicutes	Clostridia	Lachnospirales	Lachnospiraceae	Lachnospiraceae_NK4A136_group	NA
ASV249	Bacteria	Firmicutes	Clostridia	Oscillospirales	Ruminococcaceae	Ruminococcus	NA
ASV251	Bacteria	Proteobacteria	Gammaproteobacteria	Enterobacterales	Enterobacteriaceae	Escherichia/Shigella	NA
ASV253	Bacteria	Bacteroidota	Bacteroidia	Bacteroidales	Bacteroidaceae	Bacteroides	NA
ASV254	Bacteria	Firmicutes	Negativicutes	Acidaminococcales	Acidaminococcaceae	Phascolarctobacterium	NA
ASV256	Bacteria	Bacteroidota	Bacteroidia	Bacteroidales	Bacteroidaceae	Bacteroides	NA
ASV257	Bacteria	Bacteroidota	Bacteroidia	Bacteroidales	Bacteroidaceae	Bacteroides	dorei
ASV258	Bacteria	Firmicutes	Clostridia	Oscillospirales	Ruminococcaceae	Ruminococcus	NA
ASV259	Bacteria	Firmicutes	Negativicutes	Veillonellales-Selenomonadales	Veillonellaceae	Dialister	NA
ASV260	Bacteria	Bacteroidota	Bacteroidia	Bacteroidales	Bacteroidaceae	Bacteroides	NA
ASV261	Bacteria	Firmicutes	Clostridia	Oscillospirales	Ruminococcaceae	Faecalibacterium	NA
ASV264	Bacteria	Firmicutes	Clostridia	Oscillospirales	Ruminococcaceae	Faecalibacterium	NA
ASV265	Bacteria	Firmicutes	Clostridia	Oscillospirales	Oscillospiraceae	UCG-003	NA
ASV266	Bacteria	Firmicutes	Clostridia	Oscillospirales	Oscillospiraceae	Oscillibacter	NA
ASV267	Bacteria	Firmicutes	Clostridia	Oscillospirales	Oscillospiraceae	NA	NA
ASV268	Bacteria	Firmicutes	Clostridia	Lachnospirales	Lachnospiraceae	Lachnospiraceae_NK4A136_group	NA
ASV269	Bacteria	Firmicutes	Clostridia	Oscillospirales	Oscillospiraceae	UCG-002	NA
ASV270	Bacteria	Firmicutes	Clostridia	Oscillospirales	Oscillospiraceae	UCG-002	NA
ASV271	Bacteria	Firmicutes	Clostridia	Oscillospirales	Ruminococcaceae	Subdoligranulum	NA
ASV273	Bacteria	Firmicutes	Bacilli	Erysipelotrichales	Erysipelotrichaceae	Holdemanella	NA
ASV275	Bacteria	Firmicutes	Clostridia	Christensenellales	Christensenellaceae	Christensenellaceae_R-7_group	NA
ASV277	Bacteria	Firmicutes	Clostridia	Oscillospirales	Oscillospiraceae	UCG-002	NA
ASV280	Bacteria	Firmicutes	Negativicutes	Veillonellales-Selenomonadales	Veillonellaceae	Dialister	invisus
ASV283	Bacteria	Firmicutes	Clostridia	Oscillospirales	Ruminococcaceae	Subdoligranulum	NA
ASV284	Bacteria	Firmicutes	Clostridia	Lachnospirales	Lachnospiraceae	Agathobacter	NA
ASV286	Bacteria	Bacteroidota	Bacteroidia	Bacteroidales	Rikenellaceae	Alistipes	massiliensis
ASV287	Bacteria	Firmicutes	Clostridia	Oscillospirales	Ruminococcaceae	Faecalibacterium	NA
ASV288	Bacteria	Bacteroidota	Bacteroidia	Bacteroidales	Rikenellaceae	Alistipes	NA
ASV289	Bacteria	Bacteroidota	Bacteroidia	Bacteroidales	Prevotellaceae	Prevotella	NA
ASV290	Bacteria	Firmicutes	Clostridia	Oscillospirales	Ruminococcaceae	Faecalibacterium	NA
ASV294	Bacteria	Firmicutes	Bacilli	Lactobacillales	Streptococcaceae	Streptococcus	NA
ASV295	Bacteria	Firmicutes	Bacilli	Erysipelotrichales	Erysipelatoclostridiaceae	Erysipelotrichaceae_UCG-003	NA
ASV296	Bacteria	Firmicutes	Clostridia	Oscillospirales	Ruminococcaceae	Ruminococcus	NA
ASV297	Bacteria	Firmicutes	Clostridia	Oscillospirales	Oscillospiraceae	UCG-002	NA
ASV298	Bacteria	Bacteroidota	Bacteroidia	Bacteroidales	Muribaculaceae	CAG-873	NA
ASV299	Bacteria	Firmicutes	Clostridia	Oscillospirales	Oscillospiraceae	UCG-002	NA
ASV301	Bacteria	Firmicutes	Clostridia	Oscillospirales	Oscillospiraceae	UCG-002	NA
ASV302	Bacteria	Firmicutes	Clostridia	Oscillospirales	Oscillospiraceae	NK4A214_group	NA
ASV303	Bacteria	Firmicutes	Clostridia	Oscillospirales	Oscillospiraceae	UCG-002	NA
ASV304	Bacteria	Bacteroidota	Bacteroidia	Bacteroidales	Prevotellaceae	Alloprevotella	NA
ASV305	Bacteria	Firmicutes	Clostridia	Oscillospirales	Ruminococcaceae	Ruminococcus	NA
ASV308	Bacteria	Firmicutes	Clostridia	Oscillospirales	NA	NA	NA
ASV309	Bacteria	Firmicutes	Clostridia	Oscillospirales	Oscillospiraceae	UCG-003	NA
ASV310	Bacteria	Bacteroidota	Bacteroidia	Bacteroidales	Bacteroidaceae	Bacteroides	NA
ASV311	Bacteria	Firmicutes	Clostridia	Lachnospirales	Lachnospiraceae	Anaerostipes	NA
ASV312	Bacteria	Firmicutes	Clostridia	Oscillospirales	Ruminococcaceae	Subdoligranulum	NA
ASV314	Bacteria	Firmicutes	Clostridia	Oscillospirales	Ruminococcaceae	Faecalibacterium	NA
ASV315	Bacteria	Firmicutes	Clostridia	Oscillospirales	Ruminococcaceae	Faecalibacterium	NA
ASV316	Bacteria	Firmicutes	Negativicutes	Veillonellales-Selenomonadales	Veillonellaceae	Dialister	NA
ASV317	Bacteria	Firmicutes	Bacilli	Erysipelotrichales	Erysipelatoclostridiaceae	Catenibacterium	NA
ASV318	Bacteria	Firmicutes	Clostridia	Lachnospirales	Lachnospiraceae	Blautia	NA
ASV320	Bacteria	Firmicutes	Clostridia	Oscillospirales	Oscillospiraceae	UCG-002	NA
ASV321	Bacteria	Proteobacteria	Gammaproteobacteria	Enterobacterales	Enterobacteriaceae	Escherichia/Shigella	NA
ASV322	Bacteria	Bacteroidota	Bacteroidia	Bacteroidales	Rikenellaceae	Alistipes	NA
ASV323	Bacteria	Firmicutes	Clostridia	Oscillospirales	Oscillospiraceae	UCG-002	NA
ASV325	Bacteria	Firmicutes	Clostridia	Oscillospirales	Ruminococcaceae	Subdoligranulum	NA
ASV326	Bacteria	Bacteroidota	Bacteroidia	Bacteroidales	Bacteroidaceae	Bacteroides	NA
ASV330	Bacteria	Bacteroidota	Bacteroidia	Bacteroidales	Prevotellaceae	Prevotella	NA
ASV333	Bacteria	Bacteroidota	Bacteroidia	Bacteroidales	Bacteroidaceae	Bacteroides	fragilis
ASV334	Bacteria	Firmicutes	Clostridia	Christensenellales	Christensenellaceae	Christensenellaceae_R-7_group	NA
ASV336	Bacteria	Firmicutes	Clostridia	Oscillospirales	Ruminococcaceae	Faecalibacterium	NA
ASV337	Bacteria	Firmicutes	Clostridia	Oscillospirales	NA	NA	NA
ASV338	Bacteria	Firmicutes	Clostridia	Oscillospirales	Ruminococcaceae	Subdoligranulum	NA
ASV339	Bacteria	Bacteroidota	Bacteroidia	Bacteroidales	Bacteroidaceae	Bacteroides	NA
ASV340	Bacteria	Proteobacteria	Gammaproteobacteria	Enterobacterales	Enterobacteriaceae	Escherichia/Shigella	NA
ASV341	Bacteria	Firmicutes	Clostridia	Oscillospirales	Oscillospiraceae	Flavonifractor	NA
ASV343	Bacteria	Firmicutes	Clostridia	Lachnospirales	Lachnospiraceae	Blautia	NA
ASV344	Bacteria	Firmicutes	Clostridia	Monoglobales	Monoglobaceae	Monoglobus	NA
ASV345	Bacteria	Firmicutes	Clostridia	Monoglobales	Monoglobaceae	Monoglobus	NA
ASV346	Bacteria	Bacteroidota	Bacteroidia	Bacteroidales	Rikenellaceae	Alistipes	finegoldii
ASV347	Bacteria	Firmicutes	Clostridia	Oscillospirales	Oscillospiraceae	UCG-002	NA
ASV348	Bacteria	Bacteroidota	Bacteroidia	Bacteroidales	Bacteroidaceae	Bacteroides	NA
ASV349	Bacteria	Proteobacteria	Gammaproteobacteria	Enterobacterales	Enterobacteriaceae	Escherichia/Shigella	NA
ASV352	Bacteria	Firmicutes	Clostridia	Lachnospirales	Lachnospiraceae	Lachnoclostridium	NA
ASV353	Bacteria	Bacteroidota	Bacteroidia	Bacteroidales	Rikenellaceae	Alistipes	NA
ASV354	Bacteria	Bacteroidota	Bacteroidia	Bacteroidales	Bacteroidaceae	Bacteroides	massiliensis
ASV355	Bacteria	Firmicutes	Clostridia	Lachnospirales	Lachnospiraceae	NA	NA
ASV358	Bacteria	Firmicutes	Clostridia	Oscillospirales	Ruminococcaceae	UBA1819	NA
ASV359	Bacteria	Firmicutes	Clostridia	Oscillospirales	Ruminococcaceae	Subdoligranulum	NA
ASV360	Bacteria	Firmicutes	Clostridia	Lachnospirales	Lachnospiraceae	Lachnospiraceae_NK4A136_group	NA
ASV361	Bacteria	Firmicutes	Clostridia	Peptostreptococcales-Tissierellales	Peptostreptococcaceae	Peptoclostridium	NA
ASV362	Bacteria	Firmicutes	Clostridia	Oscillospirales	Ruminococcaceae	Faecalibacterium	NA
ASV364	Bacteria	Firmicutes	Clostridia	Oscillospirales	Oscillospiraceae	Oscillibacter	NA
ASV365	Bacteria	Firmicutes	Clostridia	Oscillospirales	Oscillospiraceae	UCG-002	NA
ASV366	Bacteria	Firmicutes	Clostridia	Christensenellales	Christensenellaceae	Christensenellaceae_R-7_group	NA
ASV367	Bacteria	Firmicutes	Clostridia	Christensenellales	Christensenellaceae	Christensenellaceae_R-7_group	NA
ASV368	Bacteria	Firmicutes	Clostridia	Monoglobales	Monoglobaceae	Monoglobus	NA
ASV369	Bacteria	Firmicutes	Clostridia	Oscillospirales	Oscillospiraceae	UCG-002	NA
ASV370	Bacteria	Proteobacteria	Gammaproteobacteria	Enterobacterales	Enterobacteriaceae	Escherichia/Shigella	NA
ASV371	Bacteria	Firmicutes	Clostridia	Lachnospirales	Lachnospiraceae	Fusicatenibacter	NA
ASV374	Bacteria	Firmicutes	Negativicutes	Acidaminococcales	Acidaminococcaceae	Succiniclasticum	NA
ASV378	Bacteria	Fusobacteriota	Fusobacteriia	Fusobacteriales	Fusobacteriaceae	Fusobacterium	NA
ASV379	Bacteria	Bacteroidota	Bacteroidia	Bacteroidales	Bacteroidaceae	Bacteroides	NA
ASV386	Bacteria	Firmicutes	Clostridia	Lachnospirales	Lachnospiraceae	Robinsoniella	NA
ASV387	Bacteria	Firmicutes	Clostridia	Oscillospirales	Ruminococcaceae	UBA1819	NA
ASV389	Bacteria	Firmicutes	Negativicutes	Veillonellales-Selenomonadales	Veillonellaceae	Dialister	NA
ASV390	Bacteria	Firmicutes	Clostridia	Oscillospirales	NA	NA	NA
ASV391	Bacteria	Firmicutes	Clostridia	Monoglobales	Monoglobaceae	Monoglobus	NA
ASV392	Bacteria	Firmicutes	Clostridia	Oscillospirales	Ruminococcaceae	Faecalibacterium	NA
ASV393	Bacteria	Bacteroidota	Bacteroidia	Bacteroidales	Bacteroidaceae	Bacteroides	uniformis
ASV394	Bacteria	Firmicutes	Clostridia	Oscillospirales	Ruminococcaceae	NA	NA
ASV395	Bacteria	Firmicutes	Bacilli	Erysipelotrichales	Erysipelatoclostridiaceae	Erysipelatoclostridium	NA
ASV396	Bacteria	Firmicutes	Clostridia	Christensenellales	Christensenellaceae	Christensenellaceae_R-7_group	NA
ASV397	Bacteria	Firmicutes	Clostridia	Monoglobales	Monoglobaceae	Monoglobus	NA
ASV398	Bacteria	Firmicutes	Clostridia	Clostridia_UCG-014	NA	NA	NA
ASV400	Bacteria	Firmicutes	Clostridia	Lachnospirales	Lachnospiraceae	Blautia	NA
ASV401	Bacteria	Firmicutes	Clostridia	Lachnospirales	Lachnospiraceae	NA	NA
ASV402	Bacteria	Bacteroidota	Bacteroidia	Bacteroidales	Rikenellaceae	Alistipes	NA
ASV403	Bacteria	Firmicutes	Clostridia	Oscillospirales	NA	NA	NA
ASV404	Bacteria	Firmicutes	Clostridia	Oscillospirales	Oscillospiraceae	UCG-002	NA
ASV405	Bacteria	Firmicutes	Clostridia	Oscillospirales	Oscillospiraceae	UCG-002	NA
ASV406	Bacteria	Bacteroidota	Bacteroidia	Bacteroidales	Bacteroidaceae	Bacteroides	NA
ASV407	Bacteria	Firmicutes	Clostridia	Monoglobales	Monoglobaceae	Monoglobus	NA
ASV408	Bacteria	Bacteroidota	Bacteroidia	Bacteroidales	Bacteroidaceae	Bacteroides	NA
ASV409	Bacteria	Firmicutes	Clostridia	Lachnospirales	Lachnospiraceae	NA	NA
ASV410	Bacteria	Firmicutes	Clostridia	Lachnospirales	Lachnospiraceae	Blautia	NA
ASV411	Bacteria	Firmicutes	Clostridia	Lachnospirales	Lachnospiraceae	Agathobacter	NA
ASV412	Bacteria	Firmicutes	Clostridia	Oscillospirales	Oscillospiraceae	Flavonifractor	NA
ASV414	Bacteria	Firmicutes	Clostridia	Lachnospirales	Lachnospiraceae	Anaerostipes	NA
ASV415	Bacteria	Bacteroidota	Bacteroidia	Bacteroidales	Rikenellaceae	Alistipes	NA
ASV417	Bacteria	Firmicutes	Clostridia	Lachnospirales	Lachnospiraceae	NA	NA
ASV418	Bacteria	Firmicutes	Negativicutes	Acidaminococcales	Acidaminococcaceae	Phascolarctobacterium	NA
ASV419	Bacteria	Bacteroidota	Bacteroidia	Bacteroidales	Bacteroidaceae	Bacteroides	NA
ASV420	Bacteria	Firmicutes	Clostridia	Oscillospirales	Oscillospiraceae	Oscillibacter	NA
ASV421	Bacteria	Firmicutes	Negativicutes	Acidaminococcales	Acidaminococcaceae	Phascolarctobacterium	NA
ASV422	Bacteria	Firmicutes	Bacilli	RF39	NA	NA	NA
ASV424	Bacteria	Firmicutes	Clostridia	Oscillospirales	NA	NA	NA
ASV426	Bacteria	Firmicutes	Clostridia	Monoglobales	Monoglobaceae	Monoglobus	NA
ASV429	Bacteria	Firmicutes	Clostridia	Lachnospirales	Lachnospiraceae	NA	NA
ASV431	Bacteria	Proteobacteria	Gammaproteobacteria	Enterobacterales	Enterobacteriaceae	Escherichia/Shigella	NA
ASV432	Bacteria	Proteobacteria	Gammaproteobacteria	Enterobacterales	Enterobacteriaceae	Escherichia/Shigella	NA
ASV433	Bacteria	Firmicutes	Clostridia	Oscillospirales	NA	NA	NA
ASV434	Bacteria	Firmicutes	Clostridia	Oscillospirales	Ruminococcaceae	UBA1819	NA
ASV435	Bacteria	Bacteroidota	Bacteroidia	Bacteroidales	Barnesiellaceae	Barnesiella	NA
ASV437	Bacteria	Firmicutes	Clostridia	Lachnospirales	Lachnospiraceae	Lachnospiraceae_UCG-001	NA
ASV438	Bacteria	Bacteroidota	Bacteroidia	Bacteroidales	Rikenellaceae	Rikenellaceae_RC9_gut_group	NA
ASV439	Bacteria	Firmicutes	Clostridia	Oscillospirales	UCG-010	NA	NA
ASV440	Bacteria	Firmicutes	Clostridia	Oscillospirales	Oscillospiraceae	UCG-002	NA
ASV441	Bacteria	Bacteroidota	Bacteroidia	Bacteroidales	Rikenellaceae	Rikenellaceae_RC9_gut_group	NA
ASV442	Bacteria	Bacteroidota	Bacteroidia	Bacteroidales	Bacteroidaceae	Bacteroides	NA
ASV443	Bacteria	Firmicutes	Bacilli	RF39	NA	NA	NA
ASV444	Bacteria	Bacteroidota	Bacteroidia	Bacteroidales	Rikenellaceae	Alistipes	NA
ASV445	Bacteria	Firmicutes	Negativicutes	Veillonellales-Selenomonadales	Veillonellaceae	Dialister	NA
ASV446	Bacteria	Proteobacteria	Gammaproteobacteria	Burkholderiales	Sutterellaceae	Sutterella	NA
ASV447	Bacteria	Firmicutes	Clostridia	Oscillospirales	Ruminococcaceae	Subdoligranulum	NA
ASV450	Bacteria	Firmicutes	Clostridia	Christensenellales	Christensenellaceae	Christensenellaceae_R-7_group	NA
ASV451	Bacteria	Firmicutes	Clostridia	Oscillospirales	Oscillospiraceae	UCG-002	NA
ASV452	Bacteria	Bacteroidota	Bacteroidia	Bacteroidales	Bacteroidaceae	Bacteroides	NA
ASV453	Bacteria	Bacteroidota	Bacteroidia	Bacteroidales	Bacteroidaceae	Bacteroides	NA
ASV455	Bacteria	Firmicutes	Clostridia	Monoglobales	Monoglobaceae	Monoglobus	NA
ASV456	Bacteria	Firmicutes	Clostridia	Oscillospirales	NA	NA	NA
ASV458	Bacteria	Bacteroidota	Bacteroidia	Bacteroidales	Bacteroidaceae	Bacteroides	NA
ASV460	Bacteria	Firmicutes	Clostridia	Lachnospirales	Lachnospiraceae	NA	NA
ASV461	Bacteria	Firmicutes	Clostridia	Lachnospirales	Lachnospiraceae	Agathobacter	NA
ASV462	Bacteria	Firmicutes	Clostridia	Oscillospirales	Oscillospiraceae	UCG-002	NA
ASV463	Bacteria	Firmicutes	Clostridia	Lachnospirales	Lachnospiraceae	Lachnospiraceae_NK4A136_group	NA
ASV464	Bacteria	Bacteroidota	Bacteroidia	Bacteroidales	Bacteroidaceae	Bacteroides	NA
ASV465	Bacteria	Firmicutes	Negativicutes	Acidaminococcales	Acidaminococcaceae	Phascolarctobacterium	NA
ASV466	Bacteria	Bacteroidota	Bacteroidia	Bacteroidales	Bacteroidaceae	Bacteroides	NA
ASV467	Bacteria	Firmicutes	Clostridia	Lachnospirales	Lachnospiraceae	NA	NA
ASV470	Bacteria	Firmicutes	Clostridia	Lachnospirales	Lachnospiraceae	Agathobacter	NA
ASV473	Bacteria	Bacteroidota	Bacteroidia	Bacteroidales	Bacteroidaceae	Bacteroides	NA
ASV474	Bacteria	Firmicutes	Clostridia	Oscillospirales	NA	NA	NA
ASV475	Bacteria	Firmicutes	Clostridia	Oscillospirales	Oscillospiraceae	UCG-002	NA
ASV476	Bacteria	Firmicutes	Clostridia	Oscillospirales	Oscillospiraceae	UCG-002	NA
ASV477	Bacteria	Firmicutes	Clostridia	Christensenellales	Christensenellaceae	Christensenellaceae_R-7_group	NA
ASV479	Bacteria	Firmicutes	Clostridia	Oscillospirales	NA	NA	NA
ASV481	Bacteria	Firmicutes	Clostridia	Christensenellales	Christensenellaceae	Christensenellaceae_R-7_group	NA
ASV483	Bacteria	Firmicutes	Clostridia	Monoglobales	Monoglobaceae	Monoglobus	NA
ASV484	Bacteria	Bacteroidota	Bacteroidia	Bacteroidales	Prevotellaceae	Prevotella	NA
ASV485	Bacteria	Bacteroidota	Bacteroidia	Bacteroidales	Bacteroidaceae	Bacteroides	NA
ASV487	Bacteria	Firmicutes	Clostridia	Lachnospirales	Lachnospiraceae	Lachnospiraceae_NK4A136_group	NA
ASV488	Bacteria	Firmicutes	Clostridia	Oscillospirales	Oscillospiraceae	UCG-002	NA
ASV489	Bacteria	Firmicutes	Clostridia	Oscillospirales	Oscillospiraceae	UCG-002	NA
ASV491	Bacteria	Firmicutes	Clostridia	Oscillospirales	Oscillospiraceae	UCG-002	NA
ASV492	Bacteria	Firmicutes	Clostridia	Peptostreptococcales-Tissierellales	Peptostreptococcaceae	Romboutsia	NA
ASV493	Bacteria	Bacteroidota	Bacteroidia	Bacteroidales	Tannerellaceae	Parabacteroides	NA
ASV494	Bacteria	Proteobacteria	Gammaproteobacteria	Burkholderiales	Sutterellaceae	Sutterella	NA
ASV495	Bacteria	Firmicutes	Clostridia	Lachnospirales	Lachnospiraceae	Anaerostipes	NA
ASV496	Bacteria	Firmicutes	Clostridia	Oscillospirales	Oscillospiraceae	Oscillibacter	NA
ASV497	Bacteria	Firmicutes	Clostridia	Oscillospirales	Ruminococcaceae	NA	NA
ASV498	Bacteria	Firmicutes	Clostridia	Oscillospirales	Oscillospiraceae	UCG-003	NA
ASV499	Bacteria	Firmicutes	Clostridia	Oscillospirales	Oscillospiraceae	UCG-003	NA
ASV501	Bacteria	Synergistota	Synergistia	Synergistales	Synergistaceae	Pyramidobacter	NA
ASV502	Bacteria	Firmicutes	Clostridia	Lachnospirales	Lachnospiraceae	Agathobacter	NA
ASV503	Bacteria	Firmicutes	Bacilli	Lactobacillales	Streptococcaceae	Streptococcus	NA
ASV504	Bacteria	Proteobacteria	Gammaproteobacteria	Enterobacterales	Enterobacteriaceae	Escherichia/Shigella	NA
ASV505	Bacteria	Firmicutes	Bacilli	Erysipelotrichales	Erysipelotrichaceae	Holdemania	NA
ASV506	Bacteria	Firmicutes	Bacilli	Lactobacillales	Lactobacillaceae	Lactobacillus	NA
ASV507	Bacteria	Firmicutes	Clostridia	Oscillospirales	Oscillospiraceae	UCG-002	NA
ASV510	Bacteria	Firmicutes	Clostridia	Oscillospirales	Oscillospiraceae	UCG-002	NA
ASV511	Bacteria	Firmicutes	Clostridia	Monoglobales	Monoglobaceae	Monoglobus	NA
ASV512	Bacteria	Firmicutes	Clostridia	Oscillospirales	Oscillospiraceae	NA	NA
ASV513	Bacteria	Firmicutes	Clostridia	Oscillospirales	Ruminococcaceae	Ruminococcus	NA
ASV514	Bacteria	Firmicutes	Clostridia	Oscillospirales	NA	NA	NA
ASV515	Bacteria	Bacteroidota	Bacteroidia	Bacteroidales	Bacteroidaceae	Bacteroides	NA
ASV516	Bacteria	Bacteroidota	Bacteroidia	Bacteroidales	Tannerellaceae	Parabacteroides	NA
ASV517	Bacteria	Bacteroidota	Bacteroidia	Bacteroidales	Tannerellaceae	Parabacteroides	NA
ASV518	Bacteria	Bacteroidota	Bacteroidia	Bacteroidales	Rikenellaceae	Alistipes	NA
ASV519	Bacteria	Firmicutes	Clostridia	Peptostreptococcales-Tissierellales	Anaerovoracaceae	Family_XIII_AD3011_group	NA
ASV520	Bacteria	Firmicutes	Clostridia	Lachnospirales	Lachnospiraceae	Lachnospiraceae_NK4A136_group	NA
ASV521	Bacteria	Bacteroidota	Bacteroidia	Bacteroidales	Bacteroidaceae	Bacteroides	NA
ASV522	Bacteria	Bacteroidota	Bacteroidia	Bacteroidales	Bacteroidaceae	Bacteroides	NA
ASV523	Bacteria	Firmicutes	Clostridia	Clostridia_UCG-014	NA	NA	NA
ASV526	Bacteria	Bacteroidota	Bacteroidia	Bacteroidales	Bacteroidaceae	Bacteroides	NA
ASV529	Bacteria	Bacteroidota	Bacteroidia	Bacteroidales	Bacteroidaceae	Bacteroides	NA
ASV531	Bacteria	Firmicutes	Clostridia	Oscillospirales	Oscillospiraceae	Oscillibacter	NA
ASV532	Bacteria	Firmicutes	Clostridia	Lachnospirales	Lachnospiraceae	Lachnospiraceae_NK4A136_group	NA
ASV533	Bacteria	Firmicutes	Negativicutes	Acidaminococcales	Acidaminococcaceae	Phascolarctobacterium	faecium
ASV535	Bacteria	Firmicutes	Clostridia	Lachnospirales	Lachnospiraceae	Lachnospiraceae_NK4A136_group	NA
ASV536	Bacteria	Bacteroidota	Bacteroidia	Bacteroidales	Bacteroidaceae	Bacteroides	NA
ASV537	Bacteria	Cyanobacteria	Vampirivibrionia	Gastranaerophilales	NA	NA	NA
ASV538	Bacteria	Firmicutes	Clostridia	Oscillospirales	Oscillospiraceae	Oscillibacter	NA
ASV540	Bacteria	Firmicutes	Clostridia	Oscillospirales	Ruminococcaceae	Subdoligranulum	NA
ASV543	Bacteria	Firmicutes	Clostridia	Oscillospirales	Oscillospiraceae	UCG-002	NA
ASV545	Bacteria	Firmicutes	Clostridia	Oscillospirales	Ruminococcaceae	Ruminococcus	bicirculans
ASV546	Bacteria	Bacteroidota	Bacteroidia	Bacteroidales	Rikenellaceae	Alistipes	NA
ASV547	Bacteria	Bacteroidota	Bacteroidia	Bacteroidales	Bacteroidaceae	Bacteroides	NA
ASV549	Bacteria	Firmicutes	Bacilli	Erysipelotrichales	Erysipelatoclostridiaceae	Erysipelotrichaceae_UCG-003	NA
ASV550	Bacteria	Firmicutes	Clostridia	Oscillospirales	Oscillospiraceae	NK4A214_group	NA
ASV551	Bacteria	Firmicutes	Clostridia	Oscillospirales	Oscillospiraceae	NA	NA
ASV552	Bacteria	Bacteroidota	Bacteroidia	Bacteroidales	Rikenellaceae	Rikenellaceae_RC9_gut_group	NA
ASV553	Bacteria	Bacteroidota	Bacteroidia	Bacteroidales	Rikenellaceae	Alistipes	NA
ASV555	Bacteria	Bacteroidota	Bacteroidia	Bacteroidales	Rikenellaceae	Alistipes	NA
ASV556	Bacteria	Bacteroidota	Bacteroidia	Bacteroidales	Prevotellaceae	Prevotella	NA
ASV557	Bacteria	Bacteroidota	Bacteroidia	Bacteroidales	Rikenellaceae	Alistipes	NA
ASV558	Bacteria	Firmicutes	Clostridia	Lachnospirales	Lachnospiraceae	Lachnospiraceae_NK4A136_group	NA
ASV559	Bacteria	Firmicutes	Bacilli	Lactobacillales	Lactobacillaceae	Lactobacillus	NA
ASV562	Bacteria	Firmicutes	Clostridia	Lachnospirales	Lachnospiraceae	Lachnospiraceae_NK4A136_group	NA
ASV563	Bacteria	Firmicutes	Bacilli	Erysipelotrichales	Erysipelatoclostridiaceae	Catenibacterium	NA
ASV564	Bacteria	Firmicutes	Clostridia	Oscillospirales	Ruminococcaceae	NA	NA
ASV566	Bacteria	Bacteroidota	Bacteroidia	Bacteroidales	Bacteroidaceae	Bacteroides	ovatus
ASV567	Bacteria	Firmicutes	Negativicutes	Veillonellales-Selenomonadales	Veillonellaceae	Dialister	invisus
ASV568	Bacteria	Firmicutes	Clostridia	Oscillospirales	Ruminococcaceae	Subdoligranulum	NA
ASV570	Bacteria	Firmicutes	Bacilli	Lactobacillales	Streptococcaceae	Streptococcus	NA
ASV571	Bacteria	Bacteroidota	Bacteroidia	Bacteroidales	Bacteroidaceae	Bacteroides	NA
ASV574	Bacteria	Verrucomicrobiota	Verrucomicrobiae	Verrucomicrobiales	Akkermansiaceae	Akkermansia	NA
ASV576	Bacteria	Firmicutes	Clostridia	Oscillospirales	Oscillospiraceae	NK4A214_group	NA
ASV577	Bacteria	Firmicutes	Clostridia	Clostridia_UCG-014	NA	NA	NA
ASV579	Bacteria	Firmicutes	Clostridia	Monoglobales	Monoglobaceae	Monoglobus	NA
ASV580	Bacteria	Firmicutes	Clostridia	Monoglobales	Monoglobaceae	Monoglobus	NA
ASV581	Bacteria	Firmicutes	Clostridia	Oscillospirales	NA	NA	NA
ASV582	Bacteria	Bacteroidota	Bacteroidia	Bacteroidales	Tannerellaceae	Parabacteroides	NA
ASV584	Bacteria	Bacteroidota	Bacteroidia	Bacteroidales	Bacteroidaceae	Bacteroides	NA
ASV585	Bacteria	Firmicutes	Bacilli	Erysipelotrichales	Erysipelatoclostridiaceae	Erysipelotrichaceae_UCG-003	bacterium
ASV586	Bacteria	Firmicutes	Negativicutes	Veillonellales-Selenomonadales	Veillonellaceae	Dialister	NA
ASV587	Bacteria	Firmicutes	Clostridia	Christensenellales	Christensenellaceae	Christensenellaceae_R-7_group	NA
ASV588	Bacteria	Bacteroidota	Bacteroidia	Bacteroidales	Tannerellaceae	NA	NA
ASV589	Bacteria	Firmicutes	Clostridia	Oscillospirales	Oscillospiraceae	UCG-002	NA
ASV590	Bacteria	Firmicutes	Clostridia	Oscillospirales	NA	NA	NA
ASV592	Bacteria	Firmicutes	Bacilli	Erysipelotrichales	Erysipelotrichaceae	Turicibacter	sanguinis
ASV593	Bacteria	Firmicutes	Bacilli	Lactobacillales	Streptococcaceae	Streptococcus	NA
ASV594	Bacteria	Firmicutes	Clostridia	Christensenellales	Christensenellaceae	Christensenellaceae_R-7_group	NA
ASV595	Bacteria	Bacteroidota	Bacteroidia	Bacteroidales	Bacteroidaceae	Bacteroides	vulgatus
ASV596	Bacteria	Firmicutes	Bacilli	Lactobacillales	Streptococcaceae	Streptococcus	NA
ASV598	Bacteria	Firmicutes	Clostridia	Christensenellales	Christensenellaceae	Christensenellaceae_R-7_group	NA
ASV599	Bacteria	Firmicutes	Bacilli	Erysipelotrichales	Erysipelatoclostridiaceae	Erysipelatoclostridium	NA
ASV601	Bacteria	Bacteroidota	Bacteroidia	Bacteroidales	Bacteroidaceae	Bacteroides	NA
ASV602	Bacteria	Bacteroidota	Bacteroidia	Bacteroidales	Rikenellaceae	Alistipes	finegoldii
ASV603	Bacteria	Firmicutes	Clostridia	Oscillospirales	Ruminococcaceae	Faecalibacterium	NA
ASV604	Bacteria	Bacteroidota	Bacteroidia	Bacteroidales	Rikenellaceae	Alistipes	NA
ASV607	Bacteria	Firmicutes	Clostridia	Lachnospirales	Lachnospiraceae	Roseburia	NA
ASV608	Bacteria	Bacteroidota	Bacteroidia	Bacteroidales	Rikenellaceae	Alistipes	NA
ASV610	Bacteria	Bacteroidota	Bacteroidia	Bacteroidales	Prevotellaceae	NA	NA
ASV611	Bacteria	Firmicutes	Clostridia	Christensenellales	Christensenellaceae	Christensenellaceae_R-7_group	NA
ASV614	Bacteria	Bacteroidota	Bacteroidia	Bacteroidales	Bacteroidaceae	Bacteroides	NA
ASV617	Bacteria	Firmicutes	Clostridia	Oscillospirales	Oscillospiraceae	NA	NA
ASV620	Bacteria	Bacteroidota	Bacteroidia	Bacteroidales	Bacteroidaceae	Bacteroides	NA
ASV621	Bacteria	Firmicutes	Clostridia	Oscillospirales	Oscillospiraceae	UCG-002	NA
ASV622	Bacteria	Firmicutes	Clostridia	Peptococcales	Peptococcaceae	NA	NA
ASV623	Bacteria	Firmicutes	Clostridia	Oscillospirales	Oscillospiraceae	Oscillibacter	NA
ASV624	Bacteria	Bacteroidota	Bacteroidia	Bacteroidales	Bacteroidaceae	Bacteroides	NA
ASV626	Bacteria	Firmicutes	Clostridia	Lachnospirales	Lachnospiraceae	Dorea	NA
ASV627	Bacteria	Firmicutes	Clostridia	Oscillospirales	Ruminococcaceae	Subdoligranulum	NA
ASV629	Bacteria	Firmicutes	Negativicutes	Acidaminococcales	Acidaminococcaceae	Phascolarctobacterium	NA
ASV631	Bacteria	Bacteroidota	Bacteroidia	Bacteroidales	Barnesiellaceae	Coprobacter	NA
ASV632	Bacteria	Bacteroidota	Bacteroidia	Bacteroidales	Tannerellaceae	Parabacteroides	merdae
ASV634	Bacteria	Firmicutes	Clostridia	Lachnospirales	Lachnospiraceae	Lachnospiraceae_UCG-001	NA
ASV636	Bacteria	Bacteroidota	Bacteroidia	Bacteroidales	Tannerellaceae	Parabacteroides	NA
ASV638	Bacteria	Firmicutes	Clostridia	Peptostreptococcales-Tissierellales	Anaerovoracaceae	Family_XIII_AD3011_group	NA
ASV640	Bacteria	Bacteroidota	Bacteroidia	Bacteroidales	Bacteroidaceae	Bacteroides	fragilis
ASV641	Bacteria	Firmicutes	Negativicutes	Acidaminococcales	Acidaminococcaceae	Phascolarctobacterium	faecium
ASV643	Bacteria	Bacteroidota	Bacteroidia	Bacteroidales	Prevotellaceae	Prevotellaceae_NK3B31_group	NA
ASV644	Bacteria	Bacteroidota	Bacteroidia	Bacteroidales	Prevotellaceae	Prevotella	NA
ASV646	Bacteria	Bacteroidota	Bacteroidia	Bacteroidales	Rikenellaceae	Alistipes	shahii
ASV647	Bacteria	Bacteroidota	Bacteroidia	Bacteroidales	Bacteroidaceae	Bacteroides	NA
ASV648	Bacteria	Firmicutes	Clostridia	Oscillospirales	Ruminococcaceae	Subdoligranulum	NA
ASV650	Bacteria	Firmicutes	Clostridia	Lachnospirales	Lachnospiraceae	Agathobacter	NA
ASV651	Bacteria	Firmicutes	Clostridia	Oscillospirales	Ruminococcaceae	Faecalibacterium	NA
ASV652	Bacteria	Firmicutes	Clostridia	Oscillospirales	Ruminococcaceae	Subdoligranulum	NA
ASV653	Bacteria	Bacteroidota	Bacteroidia	Bacteroidales	Tannerellaceae	Parabacteroides	NA
ASV654	Bacteria	Firmicutes	Bacilli	Lactobacillales	Streptococcaceae	Streptococcus	NA
ASV655	Bacteria	Firmicutes	Clostridia	Eubacteriales	Eubacteriaceae	Eubacterium	NA
ASV656	Bacteria	Bacteroidota	Bacteroidia	Bacteroidales	Bacteroidaceae	Bacteroides	NA
ASV657	Bacteria	Proteobacteria	Gammaproteobacteria	Burkholderiales	Sutterellaceae	Sutterella	NA
ASV658	Bacteria	Firmicutes	Bacilli	Lactobacillales	Lactobacillaceae	Lactobacillus	NA
ASV660	Bacteria	Firmicutes	Clostridia	Oscillospirales	UCG-010	NA	NA
ASV661	Bacteria	Firmicutes	Clostridia	Lachnospirales	Lachnospiraceae	Roseburia	NA
ASV662	Bacteria	Firmicutes	Clostridia	Oscillospirales	Oscillospiraceae	UCG-005	NA
ASV663	Bacteria	Firmicutes	Clostridia	Oscillospirales	Oscillospiraceae	Oscillibacter	NA
ASV664	Bacteria	Bacteroidota	Bacteroidia	Bacteroidales	Bacteroidaceae	Bacteroides	NA
ASV665	Bacteria	Bacteroidota	Bacteroidia	Bacteroidales	Tannerellaceae	Parabacteroides	NA
ASV667	Bacteria	Proteobacteria	Gammaproteobacteria	Enterobacterales	Enterobacteriaceae	Escherichia/Shigella	NA
ASV668	Bacteria	Bacteroidota	Bacteroidia	Bacteroidales	Tannerellaceae	Parabacteroides	NA
ASV669	Bacteria	Firmicutes	Clostridia	Monoglobales	Monoglobaceae	Monoglobus	NA
ASV670	Bacteria	Firmicutes	Clostridia	Oscillospirales	Oscillospiraceae	UCG-002	NA
ASV673	Bacteria	Firmicutes	Clostridia	Oscillospirales	Oscillospiraceae	NK4A214_group	NA
ASV675	Bacteria	Bacteroidota	Bacteroidia	Bacteroidales	Bacteroidaceae	Bacteroides	NA
ASV676	Bacteria	Firmicutes	Clostridia	Monoglobales	Monoglobaceae	Monoglobus	NA
ASV677	Bacteria	Bacteroidota	Bacteroidia	Bacteroidales	Bacteroidaceae	Bacteroides	NA
ASV678	Bacteria	Firmicutes	Clostridia	Oscillospirales	Oscillospiraceae	NK4A214_group	NA
ASV679	Bacteria	Bacteroidota	Bacteroidia	Bacteroidales	Rikenellaceae	Alistipes	NA
ASV681	Bacteria	Firmicutes	Clostridia	Oscillospirales	Oscillospiraceae	Oscillibacter	NA
ASV683	Bacteria	Firmicutes	Clostridia	Lachnospirales	Lachnospiraceae	Anaerostipes	NA
ASV684	Bacteria	Firmicutes	Clostridia	Monoglobales	Monoglobaceae	Monoglobus	NA
ASV685	Bacteria	Firmicutes	Bacilli	Erysipelotrichales	Erysipelotrichaceae	NA	NA
ASV686	Bacteria	Bacteroidota	Bacteroidia	Bacteroidales	Tannerellaceae	Parabacteroides	NA
ASV687	Bacteria	Firmicutes	Clostridia	Oscillospirales	Oscillospiraceae	UCG-005	NA
ASV688	Bacteria	Bacteroidota	Bacteroidia	Bacteroidales	Bacteroidaceae	Bacteroides	uniformis
ASV689	Bacteria	Bacteroidota	Bacteroidia	Bacteroidales	Bacteroidaceae	Bacteroides	NA
ASV692	Bacteria	Firmicutes	Clostridia	Oscillospirales	Oscillospiraceae	UCG-002	NA
ASV695	Bacteria	Firmicutes	Clostridia	Oscillospirales	Oscillospiraceae	UCG-002	NA
ASV696	Bacteria	Firmicutes	Bacilli	Erysipelotrichales	Erysipelotrichaceae	Dielma	NA
ASV697	Bacteria	Firmicutes	Clostridia	Oscillospirales	Ruminococcaceae	NA	NA
ASV699	Bacteria	Bacteroidota	Bacteroidia	Bacteroidales	Rikenellaceae	Alistipes	NA
ASV700	Bacteria	Firmicutes	Clostridia	Oscillospirales	Ruminococcaceae	Subdoligranulum	NA
ASV701	Bacteria	Firmicutes	Clostridia	Lachnospirales	Lachnospiraceae	Anaerostipes	NA
ASV702	Bacteria	Bacteroidota	Bacteroidia	Bacteroidales	Bacteroidaceae	Bacteroides	NA
ASV703	Bacteria	Proteobacteria	Gammaproteobacteria	Enterobacterales	Enterobacteriaceae	Escherichia/Shigella	NA
ASV705	Bacteria	Bacteroidota	Bacteroidia	Bacteroidales	Bacteroidaceae	Bacteroides	NA
ASV706	Bacteria	Bacteroidota	Bacteroidia	Bacteroidales	Bacteroidaceae	Bacteroides	NA
ASV707	Bacteria	Firmicutes	Clostridia	Oscillospirales	Oscillospiraceae	NK4A214_group	NA
ASV709	Bacteria	Firmicutes	Bacilli	Lactobacillales	Lactobacillaceae	Lactobacillus	NA
ASV710	Bacteria	Bacteroidota	Bacteroidia	Bacteroidales	Rikenellaceae	Alistipes	NA
ASV711	Bacteria	Firmicutes	Clostridia	Peptostreptococcales-Tissierellales	Anaerovoracaceae	Family_XIII_AD3011_group	NA
ASV713	Bacteria	Bacteroidota	Bacteroidia	Bacteroidales	Rikenellaceae	Alistipes	NA
ASV715	Bacteria	Firmicutes	Clostridia	Oscillospirales	Oscillospiraceae	UCG-002	NA
ASV716	Bacteria	Bacteroidota	Bacteroidia	Bacteroidales	Barnesiellaceae	Barnesiella	NA
ASV717	Bacteria	Firmicutes	Clostridia	Lachnospirales	Lachnospiraceae	NA	NA
ASV718	Bacteria	Bacteroidota	Bacteroidia	Bacteroidales	Barnesiellaceae	Barnesiella	NA
ASV719	Bacteria	Firmicutes	Clostridia	Oscillospirales	Oscillospiraceae	Oscillibacter	NA
ASV720	Bacteria	Firmicutes	Bacilli	Lactobacillales	Streptococcaceae	Streptococcus	NA
ASV721	Bacteria	Bacteroidota	Bacteroidia	Bacteroidales	Tannerellaceae	Parabacteroides	NA
ASV722	Bacteria	Firmicutes	Clostridia	Oscillospirales	Oscillospiraceae	NA	NA
ASV723	Bacteria	Firmicutes	Negativicutes	Veillonellales-Selenomonadales	Veillonellaceae	Dialister	NA
ASV725	Bacteria	Proteobacteria	Gammaproteobacteria	Aeromonadales	Succinivibrionaceae	Succinivibrio	NA
ASV727	Bacteria	Firmicutes	Bacilli	Lactobacillales	Lactobacillaceae	Lactobacillus	NA
ASV728	Bacteria	Firmicutes	Clostridia	Oscillospirales	Oscillospiraceae	NA	NA
ASV730	Bacteria	Bacteroidota	Bacteroidia	Bacteroidales	Bacteroidaceae	Bacteroides	NA
ASV731	Bacteria	Firmicutes	Clostridia	Lachnospirales	Lachnospiraceae	Blautia	NA
ASV733	Bacteria	Firmicutes	Clostridia	Peptostreptococcales-Tissierellales	Peptostreptococcaceae	Romboutsia	NA
ASV734	Bacteria	Firmicutes	Clostridia	Oscillospirales	NA	NA	NA
ASV735	Bacteria	Firmicutes	Clostridia	Lachnospirales	Lachnospiraceae	NA	NA
ASV737	Bacteria	Fusobacteriota	Fusobacteriia	Fusobacteriales	Fusobacteriaceae	Fusobacterium	NA
ASV738	Bacteria	Firmicutes	Bacilli	Lactobacillales	Streptococcaceae	Streptococcus	NA
ASV739	Bacteria	Firmicutes	Clostridia	Oscillospirales	Ruminococcaceae	Ruminococcus	NA
ASV740	Bacteria	Firmicutes	Clostridia	Oscillospirales	Oscillospiraceae	UCG-003	NA
ASV741	Bacteria	Firmicutes	Clostridia	Christensenellales	Christensenellaceae	Christensenellaceae_R-7_group	NA
ASV744	Bacteria	Firmicutes	Bacilli	Lactobacillales	Streptococcaceae	Streptococcus	NA
ASV747	Bacteria	Firmicutes	Negativicutes	Acidaminococcales	Acidaminococcaceae	Phascolarctobacterium	NA
ASV748	Bacteria	Bacteroidota	Bacteroidia	Bacteroidales	Bacteroidaceae	Bacteroides	massiliensis
ASV749	Bacteria	Firmicutes	Clostridia	Lachnospirales	Lachnospiraceae	Anaerostipes	NA
ASV750	Bacteria	Firmicutes	Clostridia	Oscillospirales	Ruminococcaceae	NA	NA
ASV752	Bacteria	Bacteroidota	Bacteroidia	Bacteroidales	Bacteroidaceae	Bacteroides	NA
ASV753	Bacteria	Firmicutes	Clostridia	Oscillospirales	NA	NA	NA
ASV755	Bacteria	Firmicutes	Clostridia	Oscillospirales	Ruminococcaceae	Anaerotruncus	NA
ASV756	Bacteria	Firmicutes	Clostridia	Lachnospirales	Lachnospiraceae	Lachnospira	NA
ASV758	Bacteria	Bacteroidota	Bacteroidia	Bacteroidales	Bacteroidaceae	Bacteroides	uniformis
ASV762	Bacteria	Bacteroidota	Bacteroidia	Bacteroidales	Tannerellaceae	Parabacteroides	NA
ASV763	Bacteria	Firmicutes	Clostridia	Oscillospirales	Oscillospiraceae	Oscillospira	NA
ASV764	Bacteria	Bacteroidota	Bacteroidia	Bacteroidales	Bacteroidaceae	Bacteroides	NA
ASV765	Bacteria	Firmicutes	Bacilli	RF39	NA	NA	NA
ASV766	Bacteria	Firmicutes	Negativicutes	Acidaminococcales	Acidaminococcaceae	Phascolarctobacterium	NA
ASV768	Bacteria	Bacteroidota	Bacteroidia	Bacteroidales	Bacteroidaceae	Bacteroides	NA
ASV769	Bacteria	Firmicutes	Clostridia	Monoglobales	Monoglobaceae	Monoglobus	NA
ASV770	Bacteria	Firmicutes	Clostridia	Lachnospirales	Lachnospiraceae	Agathobacter	NA
ASV772	Bacteria	Bacteroidota	Bacteroidia	Bacteroidales	Muribaculaceae	NA	NA
ASV773	Bacteria	Bacteroidota	Bacteroidia	Bacteroidales	Prevotellaceae	Prevotella	NA
ASV774	Bacteria	Firmicutes	Bacilli	Erysipelotrichales	Erysipelotrichaceae	Turicibacter	NA
ASV775	Bacteria	Firmicutes	Clostridia	Lachnospirales	Lachnospiraceae	NA	NA
ASV776	Bacteria	Bacteroidota	Bacteroidia	Bacteroidales	Bacteroidaceae	Bacteroides	NA
ASV778	Bacteria	Bacteroidota	Bacteroidia	Bacteroidales	Bacteroidaceae	Bacteroides	NA
ASV780	Bacteria	Firmicutes	Bacilli	Lactobacillales	Lactobacillaceae	Lactobacillus	NA
ASV781	Bacteria	Firmicutes	Clostridia	Oscillospirales	NA	NA	NA
ASV782	Bacteria	Bacteroidota	Bacteroidia	Bacteroidales	Bacteroidaceae	Bacteroides	NA
ASV783	Bacteria	Firmicutes	Clostridia	Oscillospirales	Ruminococcaceae	Ruminococcus	NA
ASV784	Bacteria	Firmicutes	Clostridia	Oscillospirales	Oscillospiraceae	UCG-002	NA
ASV785	Bacteria	Bacteroidota	Bacteroidia	Bacteroidales	Prevotellaceae	Prevotellaceae_UCG-003	NA
ASV786	Bacteria	Verrucomicrobiota	Verrucomicrobiae	Verrucomicrobiales	Akkermansiaceae	Akkermansia	NA
ASV787	Bacteria	Firmicutes	Clostridia	Peptostreptococcales-Tissierellales	Anaerovoracaceae	Family_XIII_AD3011_group	NA
ASV788	Bacteria	Firmicutes	Clostridia	Lachnospirales	Lachnospiraceae	Shuttleworthia	NA
ASV789	Bacteria	Firmicutes	Clostridia	Oscillospirales	NA	NA	NA
ASV790	Bacteria	Firmicutes	Clostridia	Oscillospirales	Ruminococcaceae	NA	NA
ASV794	Bacteria	Firmicutes	Bacilli	Erysipelotrichales	Erysipelatoclostridiaceae	Erysipelotrichaceae_UCG-003	NA
ASV796	Bacteria	Firmicutes	Clostridia	Oscillospirales	NA	NA	NA
ASV797	Bacteria	Firmicutes	Clostridia	Oscillospirales	Oscillospiraceae	Oscillibacter	NA
ASV798	Bacteria	Bacteroidota	Bacteroidia	Bacteroidales	Rikenellaceae	Alistipes	NA
ASV800	Bacteria	Firmicutes	Clostridia	Peptostreptococcales-Tissierellales	Anaerovoracaceae	Family_XIII_AD3011_group	NA
ASV801	Bacteria	Firmicutes	Clostridia	Oscillospirales	Ruminococcaceae	Ruminococcus	NA
ASV802	Bacteria	Firmicutes	Clostridia	Oscillospirales	NA	NA	NA
ASV805	Bacteria	Bacteroidota	Bacteroidia	Bacteroidales	Bacteroidaceae	Bacteroides	NA
ASV807	Bacteria	Firmicutes	Clostridia	Oscillospirales	Butyricicoccaceae	Butyricicoccus	NA
ASV808	Bacteria	Bacteroidota	Bacteroidia	Bacteroidales	Rikenellaceae	Alistipes	NA
ASV812	Bacteria	Firmicutes	Negativicutes	Veillonellales-Selenomonadales	Veillonellaceae	Dialister	NA
ASV813	Bacteria	Firmicutes	Bacilli	Lactobacillales	Streptococcaceae	Streptococcus	NA
ASV815	Bacteria	Bacteroidota	Bacteroidia	Bacteroidales	Bacteroidaceae	Bacteroides	NA
ASV816	Bacteria	Firmicutes	Clostridia	Monoglobales	Monoglobaceae	Monoglobus	NA
ASV817	Bacteria	Bacteroidota	Bacteroidia	Bacteroidales	Bacteroidaceae	Bacteroides	NA
ASV818	Bacteria	Firmicutes	Clostridia	Lachnospirales	Lachnospiraceae	NA	NA
ASV820	Bacteria	Firmicutes	Clostridia	Peptostreptococcales-Tissierellales	Peptostreptococcaceae	Romboutsia	NA
ASV821	Bacteria	Bacteroidota	Bacteroidia	Bacteroidales	Tannerellaceae	Parabacteroides	NA
ASV823	Bacteria	Bacteroidota	Bacteroidia	Bacteroidales	Bacteroidaceae	Bacteroides	NA
ASV824	Bacteria	Bacteroidota	Bacteroidia	Bacteroidales	Bacteroidaceae	Bacteroides	NA
ASV825	Bacteria	Firmicutes	Bacilli	Erysipelotrichales	Erysipelotrichaceae	NA	NA
ASV826	Bacteria	Bacteroidota	Bacteroidia	Bacteroidales	Bacteroidaceae	Bacteroides	NA
ASV827	Bacteria	Firmicutes	Clostridia	Lachnospirales	Lachnospiraceae	Tuzzerella	NA
ASV832	Bacteria	Bacteroidota	Bacteroidia	Bacteroidales	Prevotellaceae	NA	NA
ASV833	Bacteria	Firmicutes	Clostridia	Lachnospirales	Lachnospiraceae	Lachnospira	NA
ASV834	Bacteria	Firmicutes	Clostridia	Oscillospirales	Butyricicoccaceae	Butyricicoccus	NA
ASV835	Bacteria	Firmicutes	Clostridia	Lachnospirales	Lachnospiraceae	Anaerostipes	NA
ASV836	Bacteria	Firmicutes	Clostridia	Oscillospirales	Oscillospiraceae	NA	NA
ASV837	Bacteria	Firmicutes	Bacilli	Erysipelotrichales	Erysipelotrichaceae	Holdemanella	NA
ASV838	Bacteria	Firmicutes	Clostridia	Monoglobales	Monoglobaceae	Monoglobus	NA
ASV839	Bacteria	Bacteroidota	Bacteroidia	Bacteroidales	Bacteroidaceae	Bacteroides	NA
ASV841	Bacteria	Firmicutes	Clostridia	Monoglobales	Monoglobaceae	Monoglobus	NA
ASV842	Bacteria	Firmicutes	Bacilli	Erysipelotrichales	Erysipelotrichaceae	Holdemanella	NA
ASV843	Bacteria	Bacteroidota	Bacteroidia	Bacteroidales	Tannerellaceae	Parabacteroides	NA
ASV844	Bacteria	Firmicutes	Clostridia	Monoglobales	Monoglobaceae	Monoglobus	NA
ASV846	Bacteria	Firmicutes	Clostridia	Oscillospirales	Oscillospiraceae	UCG-002	NA
ASV847	Bacteria	Proteobacteria	Gammaproteobacteria	Pseudomonadales	Pseudomonadaceae	Pseudomonas	NA
ASV849	Bacteria	Firmicutes	Bacilli	Erysipelotrichales	Erysipelotrichaceae	Faecalitalea	NA
ASV850	Bacteria	Bacteroidota	Bacteroidia	Bacteroidales	Prevotellaceae	Prevotellaceae_NK3B31_group	NA
ASV852	Bacteria	Bacteroidota	Bacteroidia	Bacteroidales	Prevotellaceae	Alloprevotella	NA
ASV857	Bacteria	Firmicutes	Clostridia	Oscillospirales	Oscillospiraceae	Flavonifractor	plautii
ASV858	Bacteria	Bacteroidota	Bacteroidia	Bacteroidales	Bacteroidaceae	Bacteroides	NA
ASV861	Bacteria	Firmicutes	Clostridia	Lachnospirales	Lachnospiraceae	Cellulosilyticum	NA
ASV862	Bacteria	Firmicutes	Clostridia	Oscillospirales	Ruminococcaceae	NA	NA
ASV864	Bacteria	Firmicutes	Clostridia	Christensenellales	Christensenellaceae	Christensenellaceae_R-7_group	NA
ASV865	Bacteria	Bacteroidota	Bacteroidia	Bacteroidales	Bacteroidaceae	Bacteroides	NA
ASV866	Bacteria	Bacteroidota	Bacteroidia	Bacteroidales	Rikenellaceae	Rikenellaceae_RC9_gut_group	NA
ASV867	Bacteria	Firmicutes	Bacilli	RF39	NA	NA	NA
ASV869	Bacteria	Firmicutes	Negativicutes	Acidaminococcales	Acidaminococcaceae	Phascolarctobacterium	NA
ASV871	Bacteria	Bacteroidota	Bacteroidia	Bacteroidales	Bacteroidaceae	Bacteroides	NA
ASV876	Bacteria	Firmicutes	Clostridia	Oscillospirales	Oscillospiraceae	NA	NA
ASV877	Bacteria	Proteobacteria	Gammaproteobacteria	Enterobacterales	Enterobacteriaceae	Escherichia/Shigella	NA
ASV879	Bacteria	Firmicutes	Clostridia	Oscillospirales	NA	NA	NA
ASV880	Bacteria	Firmicutes	Clostridia	Lachnospirales	Lachnospiraceae	NA	NA
ASV882	Bacteria	Bacteroidota	Bacteroidia	Bacteroidales	Rikenellaceae	Alistipes	NA
ASV883	Bacteria	Firmicutes	Clostridia	Oscillospirales	Ruminococcaceae	Negativibacillus	massiliensis
ASV884	Bacteria	Firmicutes	Negativicutes	Acidaminococcales	Acidaminococcaceae	Phascolarctobacterium	NA
ASV885	Bacteria	Firmicutes	Clostridia	Peptostreptococcales-Tissierellales	Anaerovoracaceae	Family_XIII_AD3011_group	NA
ASV886	Bacteria	Firmicutes	Clostridia	Oscillospirales	Ruminococcaceae	NA	NA
ASV887	Bacteria	Firmicutes	Bacilli	Lactobacillales	Streptococcaceae	Streptococcus	NA
ASV888	Bacteria	Firmicutes	Clostridia	Monoglobales	Monoglobaceae	Monoglobus	NA
ASV889	Bacteria	Firmicutes	Clostridia	Oscillospirales	Oscillospiraceae	UCG-005	NA
ASV890	Bacteria	Bacteroidota	Bacteroidia	Bacteroidales	Rikenellaceae	Alistipes	NA
ASV892	Bacteria	Firmicutes	Bacilli	Erysipelotrichales	Erysipelotrichaceae	NA	NA
ASV894	Bacteria	Firmicutes	Negativicutes	Acidaminococcales	Acidaminococcaceae	Phascolarctobacterium	NA
ASV898	Bacteria	Proteobacteria	Gammaproteobacteria	Burkholderiales	Sutterellaceae	Sutterella	NA
ASV899	Bacteria	Bacteroidota	Bacteroidia	Bacteroidales	Tannerellaceae	NA	NA
ASV900	Bacteria	Firmicutes	Clostridia	Peptostreptococcales-Tissierellales	Anaerovoracaceae	Family_XIII_AD3011_group	NA
ASV901	Bacteria	Firmicutes	Clostridia	Lachnospirales	Lachnospiraceae	Fusicatenibacter	NA
ASV903	Bacteria	Firmicutes	Clostridia	Peptostreptococcales-Tissierellales	Peptostreptococcaceae	Romboutsia	NA
ASV904	Bacteria	Bacteroidota	Bacteroidia	Bacteroidales	Bacteroidaceae	Bacteroides	NA
ASV906	Bacteria	Bacteroidota	Bacteroidia	Bacteroidales	Rikenellaceae	Alistipes	finegoldii
ASV907	Bacteria	Bacteroidota	Bacteroidia	Bacteroidales	Bacteroidaceae	Bacteroides	NA
ASV908	Bacteria	Firmicutes	Bacilli	Lactobacillales	Carnobacteriaceae	Granulicatella	NA
ASV909	Bacteria	Firmicutes	Clostridia	Oscillospirales	Ruminococcaceae	NA	NA
ASV910	Bacteria	Firmicutes	Clostridia	Lachnospirales	Lachnospiraceae	NA	NA
ASV916	Bacteria	Bacteroidota	Bacteroidia	Bacteroidales	Bacteroidaceae	Bacteroides	ovatus
ASV917	Bacteria	Firmicutes	Clostridia	Oscillospirales	Ruminococcaceae	NA	NA
ASV918	Bacteria	Bacteroidota	Bacteroidia	NA	NA	NA	NA
ASV919	Bacteria	Bacteroidota	Bacteroidia	Bacteroidales	Rikenellaceae	Rikenellaceae_RC9_gut_group	NA
ASV920	Bacteria	Firmicutes	Bacilli	Erysipelotrichales	Erysipelotrichaceae	Holdemania	NA
ASV922	Bacteria	Firmicutes	Clostridia	Oscillospirales	Ruminococcaceae	NA	NA
ASV923	Bacteria	Firmicutes	Clostridia	Oscillospirales	Oscillospiraceae	NA	NA
ASV924	Bacteria	Firmicutes	Bacilli	Lactobacillales	Streptococcaceae	Streptococcus	NA
ASV926	Bacteria	Firmicutes	Clostridia	Oscillospirales	Oscillospiraceae	NK4A214_group	NA
ASV929	Bacteria	Firmicutes	Clostridia	Oscillospirales	Ruminococcaceae	Faecalibacterium	NA
ASV930	Bacteria	Firmicutes	Clostridia	Monoglobales	Monoglobaceae	Monoglobus	NA
ASV931	Bacteria	Firmicutes	Clostridia	Lachnospirales	Lachnospiraceae	Agathobacter	NA
ASV932	Bacteria	Firmicutes	Clostridia	Monoglobales	Monoglobaceae	Monoglobus	NA
ASV933	Bacteria	Firmicutes	Clostridia	Lachnospirales	Lachnospiraceae	NA	NA
ASV934	Bacteria	Firmicutes	Bacilli	Lactobacillales	Lactobacillaceae	Lactobacillus	NA
ASV936	Bacteria	Firmicutes	Clostridia	Monoglobales	Monoglobaceae	Monoglobus	NA
ASV937	Bacteria	Bacteroidota	Bacteroidia	Bacteroidales	Rikenellaceae	Alistipes	NA
ASV938	Bacteria	Firmicutes	Clostridia	Lachnospirales	Lachnospiraceae	NA	NA
ASV940	Bacteria	Bacteroidota	Bacteroidia	Bacteroidales	Bacteroidaceae	Bacteroides	NA
ASV941	Bacteria	Firmicutes	Clostridia	Lachnospirales	Lachnospiraceae	NA	NA
ASV945	Bacteria	Firmicutes	Clostridia	Oscillospirales	Oscillospiraceae	UCG-002	NA
ASV946	Bacteria	Actinobacteriota	Actinobacteria	Micrococcales	Bogoriellaceae	Georgenia	NA
ASV947	Bacteria	Firmicutes	Bacilli	Lactobacillales	Lactobacillaceae	Lactobacillus	NA
ASV948	Bacteria	Firmicutes	Clostridia	Lachnospirales	Lachnospiraceae	Coprococcus	NA
ASV949	Bacteria	Bacteroidota	Bacteroidia	Bacteroidales	Barnesiellaceae	Barnesiella	NA
ASV950	Bacteria	Bacteroidota	Bacteroidia	Bacteroidales	Bacteroidaceae	Bacteroides	NA
ASV951	Bacteria	Firmicutes	Clostridia	Oscillospirales	Ruminococcaceae	Ruminococcus	NA
ASV955	Bacteria	Firmicutes	Clostridia	Oscillospirales	Ruminococcaceae	Negativibacillus	NA
ASV956	Bacteria	Bacteroidota	Bacteroidia	Bacteroidales	Rikenellaceae	Alistipes	NA
ASV957	Bacteria	Firmicutes	Negativicutes	Acidaminococcales	Acidaminococcaceae	Acidaminococcus	intestini
ASV958	Bacteria	Firmicutes	Clostridia	Oscillospirales	Oscillospiraceae	NK4A214_group	NA
ASV959	Bacteria	Firmicutes	Clostridia	Oscillospirales	Oscillospiraceae	NA	NA
ASV960	Bacteria	Bacteroidota	Bacteroidia	Bacteroidales	Tannerellaceae	Parabacteroides	NA
ASV962	Bacteria	Firmicutes	Clostridia	Christensenellales	Christensenellaceae	Christensenellaceae_R-7_group	NA
ASV964	Bacteria	Bacteroidota	Bacteroidia	Bacteroidales	Rikenellaceae	Alistipes	NA
ASV966	Bacteria	Bacteroidota	Bacteroidia	Bacteroidales	Rikenellaceae	Alistipes	NA
ASV967	Bacteria	Firmicutes	Negativicutes	Acidaminococcales	Acidaminococcaceae	Succiniclasticum	NA
ASV968	Bacteria	Firmicutes	Bacilli	Lactobacillales	Lactobacillaceae	Lactobacillus	NA
ASV969	Bacteria	Firmicutes	Clostridia	Oscillospirales	Ruminococcaceae	NA	NA
ASV970	Bacteria	Firmicutes	Clostridia	Oscillospirales	Ruminococcaceae	Incertae_Sedis	NA
ASV971	Bacteria	Firmicutes	Clostridia	Oscillospirales	Ruminococcaceae	UBA1819	NA
ASV972	Bacteria	Firmicutes	Clostridia	Monoglobales	Monoglobaceae	Monoglobus	NA
ASV973	Bacteria	Bacteroidota	Bacteroidia	Bacteroidales	Rikenellaceae	Alistipes	NA
ASV974	Bacteria	Bacteroidota	Bacteroidia	Bacteroidales	Bacteroidaceae	Bacteroides	NA
ASV976	Bacteria	Bacteroidota	Bacteroidia	Bacteroidales	Bacteroidaceae	Bacteroides	NA
ASV977	Bacteria	Bacteroidota	Bacteroidia	Bacteroidales	Prevotellaceae	NA	NA
ASV978	Bacteria	Bacteroidota	Bacteroidia	Bacteroidales	Rikenellaceae	Alistipes	NA
ASV979	Bacteria	Firmicutes	Clostridia	Lachnospirales	Lachnospiraceae	Anaerostipes	NA
ASV980	Bacteria	Firmicutes	Clostridia	Oscillospirales	Oscillospiraceae	Oscillibacter	NA
ASV981	Bacteria	Firmicutes	Clostridia	Oscillospirales	Oscillospiraceae	NA	NA
ASV982	Bacteria	Firmicutes	Clostridia	Lachnospirales	Lachnospiraceae	Roseburia	NA
ASV983	Bacteria	Firmicutes	Clostridia	Oscillospirales	Ruminococcaceae	Subdoligranulum	NA
ASV984	Bacteria	Firmicutes	Clostridia	Peptostreptococcales-Tissierellales	Anaerovoracaceae	Family_XIII_AD3011_group	NA
ASV985	Bacteria	Cyanobacteria	Vampirivibrionia	Gastranaerophilales	NA	NA	NA
ASV987	Bacteria	Firmicutes	Clostridia	Monoglobales	Monoglobaceae	Monoglobus	NA
ASV988	Bacteria	Bacteroidota	Bacteroidia	Bacteroidales	Rikenellaceae	Alistipes	shahii
ASV989	Bacteria	Firmicutes	Negativicutes	Acidaminococcales	Acidaminococcaceae	Phascolarctobacterium	NA
ASV990	Bacteria	Firmicutes	Bacilli	Lactobacillales	Streptococcaceae	Streptococcus	NA
ASV991	Bacteria	Bacteroidota	Bacteroidia	Bacteroidales	Rikenellaceae	Alistipes	NA
ASV992	Bacteria	Firmicutes	Clostridia	Oscillospirales	Ruminococcaceae	DTU089	NA
ASV993	Bacteria	Firmicutes	Clostridia	Oscillospirales	Oscillospiraceae	NA	NA
ASV994	Bacteria	Firmicutes	Clostridia	Peptostreptococcales-Tissierellales	Anaerovoracaceae	Family_XIII_AD3011_group	NA
ASV995	Bacteria	Firmicutes	Clostridia	Oscillospirales	Oscillospiraceae	NK4A214_group	NA
ASV996	Bacteria	Bacteroidota	Bacteroidia	Bacteroidales	Rikenellaceae	Alistipes	NA
ASV997	Bacteria	Firmicutes	Clostridia	Lachnospirales	Lachnospiraceae	Blautia	NA
ASV999	Bacteria	Bacteroidota	Bacteroidia	Bacteroidales	Bacteroidaceae	Bacteroides	NA
ASV1000	Bacteria	Firmicutes	Clostridia	Oscillospirales	Ruminococcaceae	NA	NA
ASV1001	Bacteria	Firmicutes	Clostridia	Lachnospirales	Lachnospiraceae	Blautia	NA
ASV1002	Bacteria	Firmicutes	Clostridia	Lachnospirales	Lachnospiraceae	Agathobacter	NA
ASV1003	Bacteria	Firmicutes	Bacilli	Lactobacillales	Lactobacillaceae	Lactobacillus	NA
ASV1007	Bacteria	Firmicutes	Clostridia	Clostridiales	Clostridiaceae	Clostridium_sensu_stricto_1	NA
ASV1010	Bacteria	Firmicutes	Clostridia	Lachnospirales	Lachnospiraceae	Lachnospira	NA
ASV1011	Bacteria	Bacteroidota	Bacteroidia	Flavobacteriales	Flavobacteriaceae	Flavobacterium	NA
ASV1012	Bacteria	Firmicutes	Clostridia	Lachnospirales	Lachnospiraceae	Blautia	NA
ASV1013	Bacteria	Bacteroidota	Bacteroidia	Bacteroidales	Tannerellaceae	Parabacteroides	NA
ASV1014	Bacteria	Firmicutes	Clostridia	Lachnospirales	Lachnospiraceae	Eisenbergiella	NA
ASV1015	Bacteria	Bacteroidota	Bacteroidia	Bacteroidales	Rikenellaceae	Alistipes	NA
ASV1017	Bacteria	Firmicutes	Bacilli	Lactobacillales	Lactobacillaceae	Lactobacillus	sanfranciscensis
ASV1018	Bacteria	Firmicutes	Clostridia	Oscillospirales	NA	NA	NA
ASV1019	Bacteria	Firmicutes	Clostridia	Oscillospirales	Ruminococcaceae	Incertae_Sedis	NA
ASV1020	Bacteria	Firmicutes	Clostridia	Oscillospirales	Ruminococcaceae	Incertae_Sedis	NA
ASV1023	Bacteria	Firmicutes	Clostridia	Oscillospirales	Ruminococcaceae	Ruminococcus	NA
ASV1024	Bacteria	Firmicutes	Clostridia	Lachnospirales	Lachnospiraceae	Blautia	NA
ASV1027	Bacteria	Firmicutes	Clostridia	Lachnospirales	Lachnospiraceae	Lachnospiraceae_NK4A136_group	NA
ASV1030	Bacteria	Bacteroidota	Bacteroidia	Bacteroidales	Barnesiellaceae	Barnesiella	NA
ASV1031	Bacteria	Bacteroidota	Bacteroidia	Bacteroidales	Marinifilaceae	Butyricimonas	NA
ASV1033	Bacteria	Bacteroidota	Bacteroidia	Bacteroidales	Marinifilaceae	Odoribacter	NA
ASV1034	Bacteria	Firmicutes	Clostridia	Oscillospirales	Oscillospiraceae	NA	NA
ASV1035	Bacteria	Actinobacteriota	Coriobacteriia	Coriobacteriales	Eggerthellaceae	Slackia	NA
ASV1036	Bacteria	Bacteroidota	Bacteroidia	Bacteroidales	Prevotellaceae	Prevotella	NA
ASV1037	Bacteria	Firmicutes	Clostridia	Oscillospirales	Oscillospiraceae	NK4A214_group	NA
ASV1040	Bacteria	Firmicutes	Clostridia	Peptococcales	Peptococcaceae	NA	NA
ASV1043	Bacteria	Firmicutes	Clostridia	Oscillospirales	Oscillospiraceae	UCG-002	NA
ASV1045	Bacteria	Firmicutes	Clostridia	Christensenellales	Christensenellaceae	Christensenellaceae_R-7_group	NA
ASV1046	Bacteria	Actinobacteriota	Coriobacteriia	Coriobacteriales	Eggerthellaceae	NA	NA
ASV1047	Bacteria	Firmicutes	Clostridia	Oscillospirales	Oscillospiraceae	NA	NA
ASV1049	Bacteria	Firmicutes	Clostridia	Lachnospirales	Lachnospiraceae	Anaerostipes	NA
ASV1050	Bacteria	Firmicutes	Clostridia	Christensenellales	Christensenellaceae	Christensenellaceae_R-7_group	NA
ASV1051	Bacteria	Firmicutes	Clostridia	Oscillospirales	Ruminococcaceae	NA	NA
ASV1052	Bacteria	Firmicutes	Clostridia	Oscillospirales	Oscillospiraceae	Pseudoflavonifractor	NA
ASV1053	Bacteria	Firmicutes	Clostridia	Oscillospirales	Oscillospiraceae	NA	NA
ASV1054	Bacteria	Bacteroidota	Bacteroidia	Bacteroidales	NA	NA	NA
ASV1055	Bacteria	Firmicutes	Clostridia	NA	NA	NA	NA
ASV1056	Bacteria	Firmicutes	Clostridia	Lachnospirales	Lachnospiraceae	Lachnospira	NA
ASV1057	Bacteria	Firmicutes	Clostridia	Oscillospirales	Ruminococcaceae	Faecalibacterium	NA
ASV1058	Bacteria	Proteobacteria	Gammaproteobacteria	Burkholderiales	Sutterellaceae	Parasutterella	NA
ASV1059	Bacteria	Firmicutes	Clostridia	Oscillospirales	Oscillospiraceae	Oscillibacter	NA
ASV1060	Bacteria	Firmicutes	Clostridia	Oscillospirales	Ruminococcaceae	Incertae_Sedis	NA
ASV1061	Bacteria	Firmicutes	Clostridia	Oscillospirales	Oscillospiraceae	NA	NA
ASV1062	Bacteria	Firmicutes	Clostridia	Peptococcales	Peptococcaceae	NA	NA
ASV1068	Bacteria	Firmicutes	Clostridia	Oscillospirales	Ruminococcaceae	Subdoligranulum	NA
ASV1069	Bacteria	Firmicutes	Negativicutes	Veillonellales-Selenomonadales	Veillonellaceae	Dialister	NA
ASV1070	Bacteria	Proteobacteria	Gammaproteobacteria	Enterobacterales	Enterobacteriaceae	Escherichia/Shigella	NA
ASV1071	Bacteria	Firmicutes	Negativicutes	Veillonellales-Selenomonadales	Veillonellaceae	Dialister	NA
ASV1072	Bacteria	Firmicutes	Negativicutes	Veillonellales-Selenomonadales	Veillonellaceae	Dialister	NA
ASV1073	Bacteria	Bacteroidota	Bacteroidia	Bacteroidales	Rikenellaceae	Alistipes	NA
ASV1075	Bacteria	Firmicutes	Negativicutes	Veillonellales-Selenomonadales	Veillonellaceae	Dialister	NA
ASV1076	Bacteria	Firmicutes	Clostridia	Oscillospirales	NA	NA	NA
ASV1077	Bacteria	Bacteroidota	Bacteroidia	Bacteroidales	Bacteroidaceae	Bacteroides	NA
ASV1078	Bacteria	Bacteroidota	Bacteroidia	Bacteroidales	Rikenellaceae	Alistipes	NA
ASV1079	Bacteria	Bacteroidota	Bacteroidia	Bacteroidales	Rikenellaceae	Alistipes	NA
ASV1080	Bacteria	Bacteroidota	Bacteroidia	Bacteroidales	Bacteroidaceae	Bacteroides	NA
ASV1081	Bacteria	Bacteroidota	Bacteroidia	Bacteroidales	Rikenellaceae	Alistipes	NA
