	included_in_Bacdive	Physiology_and_metabolism_oxygen_tolerance_oxygen_tolerance	Morphology_cell_morphology_gram_stain	Physiology_and_metabolism_antibiotic_resistance_is_resistant	Morphology_cell_morphology_motility
ASV1	yes	anaerobe	unknown	unknown	unknown
ASV2	unknown	unknown	unknown	unknown	unknown
ASV3	unknown	unknown	unknown	unknown	unknown
ASV4	unknown	unknown	unknown	unknown	unknown
ASV5	unknown	unknown	unknown	unknown	unknown
ASV6	yes	unknown	negative	unknown	no
ASV7	unknown	unknown	unknown	unknown	unknown
ASV8	yes	anaerobe	unknown	unknown	unknown
ASV9	yes	anaerobe	unknown	unknown	unknown
ASV10	no	unknown	unknown	unknown	unknown
ASV11	unknown	unknown	unknown	unknown	unknown
ASV12	yes	anaerobe	positive	unknown	no
ASV13	yes	unknown	unknown	unknown	unknown
ASV14	yes	anaerobe	unknown	unknown	unknown
ASV15	unknown	unknown	unknown	unknown	unknown
ASV16	yes	unknown	unknown	unknown	unknown
ASV17	unknown	unknown	unknown	unknown	unknown
ASV18	yes	anaerobe	unknown	unknown	unknown
ASV19	yes	anaerobe	unknown	unknown	unknown
ASV20	unknown	unknown	unknown	unknown	unknown
ASV21	unknown	unknown	unknown	unknown	unknown
ASV22	unknown	unknown	unknown	unknown	unknown
ASV23	yes	unknown	negative	unknown	no
ASV24	unknown	unknown	unknown	unknown	unknown
ASV25	unknown	unknown	unknown	unknown	unknown
ASV26	unknown	unknown	unknown	unknown	unknown
ASV27	unknown	unknown	unknown	unknown	unknown
ASV28	yes	anaerobe	unknown	unknown	unknown
ASV29	unknown	unknown	unknown	unknown	unknown
ASV30	yes	anaerobe	unknown	unknown	unknown
ASV31	unknown	unknown	unknown	unknown	unknown
ASV32	unknown	unknown	unknown	unknown	unknown
ASV33	yes	unknown	unknown	unknown	unknown
ASV34	no	unknown	unknown	unknown	unknown
ASV35	yes	unknown	negative	unknown	no
ASV36	unknown	unknown	unknown	unknown	unknown
ASV37	yes	unknown	negative	unknown	no
ASV38	unknown	unknown	unknown	unknown	unknown
ASV39	unknown	unknown	unknown	unknown	unknown
ASV40	yes	anaerobe	unknown	unknown	unknown
ASV41	yes	anaerobe	unknown	unknown	unknown
ASV42	yes	anaerobe	unknown	unknown	unknown
ASV43	unknown	unknown	unknown	unknown	unknown
ASV44	yes	anaerobe	unknown	unknown	unknown
ASV45	unknown	unknown	unknown	unknown	unknown
ASV46	yes	mixed	unknown	unknown	unknown
ASV47	unknown	unknown	unknown	unknown	unknown
ASV48	yes	unknown	unknown	unknown	unknown
ASV49	unknown	unknown	unknown	unknown	unknown
ASV50	unknown	unknown	unknown	unknown	unknown
ASV51	unknown	unknown	unknown	unknown	unknown
ASV52	no	unknown	unknown	unknown	unknown
ASV53	yes	unknown	unknown	unknown	unknown
ASV54	unknown	unknown	unknown	unknown	unknown
ASV55	unknown	unknown	unknown	unknown	unknown
ASV56	yes	unknown	negative	unknown	no
ASV57	yes	mixed	unknown	unknown	unknown
ASV58	unknown	unknown	unknown	unknown	unknown
ASV59	yes	anaerobe	unknown	unknown	unknown
ASV60	yes	unknown	negative	unknown	no
ASV61	unknown	unknown	unknown	unknown	unknown
ASV62	unknown	unknown	unknown	unknown	unknown
ASV63	yes	unknown	negative	unknown	no
ASV64	yes	anaerobe	unknown	unknown	unknown
ASV65	unknown	unknown	unknown	unknown	unknown
ASV66	unknown	unknown	unknown	unknown	unknown
ASV67	unknown	unknown	unknown	unknown	unknown
ASV68	unknown	unknown	unknown	unknown	unknown
ASV69	unknown	unknown	unknown	unknown	unknown
ASV70	unknown	unknown	unknown	unknown	unknown
ASV71	unknown	unknown	unknown	unknown	unknown
ASV72	unknown	unknown	unknown	unknown	unknown
ASV73	yes	mixed	unknown	unknown	unknown
ASV74	unknown	unknown	unknown	unknown	unknown
ASV75	yes	unknown	unknown	unknown	unknown
ASV76	yes	unknown	unknown	unknown	unknown
ASV77	unknown	unknown	unknown	unknown	unknown
ASV78	unknown	unknown	unknown	unknown	unknown
ASV79	unknown	unknown	unknown	unknown	unknown
ASV80	unknown	unknown	unknown	unknown	unknown
ASV81	unknown	unknown	unknown	unknown	unknown
ASV82	unknown	unknown	unknown	unknown	unknown
ASV83	no	unknown	unknown	unknown	unknown
ASV84	unknown	unknown	unknown	unknown	unknown
ASV85	unknown	unknown	unknown	unknown	unknown
ASV86	unknown	unknown	unknown	unknown	unknown
ASV87	unknown	unknown	unknown	unknown	unknown
ASV88	unknown	unknown	unknown	unknown	unknown
ASV89	unknown	unknown	unknown	unknown	unknown
ASV90	unknown	unknown	unknown	unknown	unknown
ASV91	unknown	unknown	unknown	unknown	unknown
ASV92	yes	unknown	unknown	unknown	unknown
ASV93	unknown	unknown	unknown	unknown	unknown
ASV94	unknown	unknown	unknown	unknown	unknown
ASV95	no	unknown	unknown	unknown	unknown
ASV96	unknown	unknown	unknown	unknown	unknown
ASV97	unknown	unknown	unknown	unknown	unknown
ASV98	yes	mixed	unknown	unknown	unknown
ASV99	yes	anaerobe	unknown	unknown	unknown
ASV100	unknown	unknown	unknown	unknown	unknown
ASV101	unknown	unknown	unknown	unknown	unknown
ASV102	unknown	unknown	unknown	unknown	unknown
ASV103	unknown	unknown	unknown	unknown	unknown
ASV104	yes	anaerobe	unknown	unknown	unknown
ASV105	unknown	unknown	unknown	unknown	unknown
ASV106	unknown	unknown	unknown	unknown	unknown
ASV107	unknown	unknown	unknown	unknown	unknown
ASV108	unknown	unknown	unknown	unknown	unknown
ASV109	yes	anaerobe	unknown	unknown	unknown
ASV110	yes	mixed	unknown	unknown	unknown
ASV111	unknown	unknown	unknown	unknown	unknown
ASV112	unknown	unknown	unknown	unknown	unknown
ASV113	unknown	unknown	unknown	unknown	unknown
ASV114	unknown	unknown	unknown	unknown	unknown
ASV115	unknown	unknown	unknown	unknown	unknown
ASV116	unknown	unknown	unknown	unknown	unknown
ASV117	unknown	unknown	unknown	unknown	unknown
ASV118	unknown	unknown	unknown	unknown	unknown
ASV119	unknown	unknown	unknown	unknown	unknown
ASV120	unknown	unknown	unknown	unknown	unknown
ASV121	yes	anaerobe	unknown	unknown	unknown
ASV122	unknown	unknown	unknown	unknown	unknown
ASV123	yes	anaerobe	unknown	unknown	unknown
ASV124	unknown	unknown	unknown	unknown	unknown
ASV125	unknown	unknown	unknown	unknown	unknown
ASV126	unknown	unknown	unknown	unknown	unknown
ASV127	unknown	unknown	unknown	unknown	unknown
ASV128	unknown	unknown	unknown	unknown	unknown
ASV129	yes	anaerobe	unknown	unknown	unknown
ASV130	unknown	unknown	unknown	unknown	unknown
ASV131	unknown	unknown	unknown	unknown	unknown
ASV132	unknown	unknown	unknown	unknown	unknown
ASV133	unknown	unknown	unknown	unknown	unknown
ASV134	unknown	unknown	unknown	unknown	unknown
ASV135	unknown	unknown	unknown	unknown	unknown
ASV136	yes	unknown	unknown	unknown	unknown
ASV137	unknown	unknown	unknown	unknown	unknown
ASV138	unknown	unknown	unknown	unknown	unknown
ASV139	yes	unknown	unknown	unknown	unknown
ASV140	yes	anaerobe	unknown	unknown	unknown
ASV141	unknown	unknown	unknown	unknown	unknown
ASV142	unknown	unknown	unknown	unknown	unknown
ASV143	unknown	unknown	unknown	unknown	unknown
ASV144	unknown	unknown	unknown	unknown	unknown
ASV145	yes	anaerobe	unknown	unknown	unknown
ASV146	unknown	unknown	unknown	unknown	unknown
ASV147	unknown	unknown	unknown	unknown	unknown
ASV148	unknown	unknown	unknown	unknown	unknown
ASV149	yes	anaerobe	unknown	unknown	unknown
ASV150	yes	unknown	negative	unknown	no
ASV151	unknown	unknown	unknown	unknown	unknown
ASV152	unknown	unknown	unknown	unknown	unknown
ASV153	unknown	unknown	unknown	unknown	unknown
ASV154	unknown	unknown	unknown	unknown	unknown
ASV155	unknown	unknown	unknown	unknown	unknown
ASV156	unknown	unknown	unknown	unknown	unknown
ASV157	unknown	unknown	unknown	unknown	unknown
ASV158	unknown	unknown	unknown	unknown	unknown
ASV159	unknown	unknown	unknown	unknown	unknown
ASV160	yes	mixed	unknown	unknown	unknown
ASV161	unknown	unknown	unknown	unknown	unknown
ASV162	unknown	unknown	unknown	unknown	unknown
ASV163	unknown	unknown	unknown	unknown	unknown
ASV164	yes	anaerobe	unknown	unknown	unknown
ASV165	unknown	unknown	unknown	unknown	unknown
ASV166	unknown	unknown	unknown	unknown	unknown
ASV167	unknown	unknown	unknown	unknown	unknown
ASV168	unknown	unknown	unknown	unknown	unknown
ASV169	unknown	unknown	unknown	unknown	unknown
ASV170	unknown	unknown	unknown	unknown	unknown
ASV171	unknown	unknown	unknown	unknown	unknown
ASV172	unknown	unknown	unknown	unknown	unknown
ASV173	unknown	unknown	unknown	unknown	unknown
ASV174	yes	unknown	negative	unknown	no
ASV175	unknown	unknown	unknown	unknown	unknown
ASV176	unknown	unknown	unknown	unknown	unknown
ASV177	unknown	unknown	unknown	unknown	unknown
ASV178	unknown	unknown	unknown	unknown	unknown
ASV179	unknown	unknown	unknown	unknown	unknown
ASV180	unknown	unknown	unknown	unknown	unknown
ASV181	unknown	unknown	unknown	unknown	unknown
ASV182	yes	anaerobe	unknown	unknown	unknown
ASV183	yes	anaerobe	unknown	unknown	unknown
ASV184	yes	unknown	unknown	unknown	unknown
ASV185	no	unknown	unknown	unknown	unknown
ASV186	unknown	unknown	unknown	unknown	unknown
ASV187	unknown	unknown	unknown	unknown	unknown
ASV188	yes	anaerobe	unknown	unknown	unknown
ASV189	unknown	unknown	unknown	unknown	unknown
ASV190	unknown	unknown	unknown	unknown	unknown
ASV191	unknown	unknown	unknown	unknown	unknown
ASV192	yes	unknown	negative	unknown	no
ASV193	yes	unknown	unknown	unknown	unknown
ASV194	unknown	unknown	unknown	unknown	unknown
ASV195	yes	anaerobe	unknown	unknown	unknown
ASV196	yes	anaerobe	unknown	unknown	unknown
ASV197	unknown	unknown	unknown	unknown	unknown
ASV198	unknown	unknown	unknown	unknown	unknown
ASV199	unknown	unknown	unknown	unknown	unknown
ASV200	unknown	unknown	unknown	unknown	unknown
ASV201	yes	anaerobe	unknown	unknown	unknown
ASV202	unknown	unknown	unknown	unknown	unknown
ASV203	unknown	unknown	unknown	unknown	unknown
ASV204	yes	anaerobe	unknown	unknown	unknown
ASV205	yes	anaerobe	unknown	unknown	unknown
ASV206	unknown	unknown	unknown	unknown	unknown
ASV207	unknown	unknown	unknown	unknown	unknown
ASV208	no	unknown	unknown	unknown	unknown
ASV209	unknown	unknown	unknown	unknown	unknown
ASV210	unknown	unknown	unknown	unknown	unknown
ASV211	unknown	unknown	unknown	unknown	unknown
ASV212	yes	unknown	unknown	unknown	unknown
ASV213	yes	unknown	unknown	unknown	unknown
ASV214	unknown	unknown	unknown	unknown	unknown
ASV215	unknown	unknown	unknown	unknown	unknown
ASV216	unknown	unknown	unknown	unknown	unknown
ASV217	unknown	unknown	unknown	unknown	unknown
ASV218	unknown	unknown	unknown	unknown	unknown
ASV219	no	unknown	unknown	unknown	unknown
ASV220	unknown	unknown	unknown	unknown	unknown
ASV221	unknown	unknown	unknown	unknown	unknown
ASV222	unknown	unknown	unknown	unknown	unknown
ASV223	unknown	unknown	unknown	unknown	unknown
ASV224	unknown	unknown	unknown	unknown	unknown
ASV225	yes	anaerobe	unknown	unknown	unknown
ASV226	yes	anaerobe	unknown	unknown	unknown
ASV227	unknown	unknown	unknown	unknown	unknown
ASV228	yes	unknown	unknown	unknown	unknown
ASV229	unknown	unknown	unknown	unknown	unknown
ASV230	yes	unknown	negative	unknown	no
ASV231	unknown	unknown	unknown	unknown	unknown
ASV232	yes	anaerobe	unknown	unknown	unknown
ASV233	unknown	unknown	unknown	unknown	unknown
ASV234	unknown	unknown	unknown	unknown	unknown
ASV235	unknown	unknown	unknown	unknown	unknown
ASV236	unknown	unknown	unknown	unknown	unknown
ASV237	unknown	unknown	unknown	unknown	unknown
ASV238	unknown	unknown	unknown	unknown	unknown
ASV239	unknown	unknown	unknown	unknown	unknown
ASV240	unknown	unknown	unknown	unknown	unknown
ASV241	unknown	unknown	unknown	unknown	unknown
ASV242	unknown	unknown	unknown	unknown	unknown
ASV243	unknown	unknown	unknown	unknown	unknown
ASV244	unknown	unknown	unknown	unknown	unknown
ASV245	unknown	unknown	unknown	unknown	unknown
ASV246	unknown	unknown	unknown	unknown	unknown
ASV247	unknown	unknown	unknown	unknown	unknown
ASV248	unknown	unknown	unknown	unknown	unknown
ASV249	unknown	unknown	unknown	unknown	unknown
ASV250	unknown	unknown	unknown	unknown	unknown
ASV251	unknown	unknown	unknown	unknown	unknown
ASV252	unknown	unknown	unknown	unknown	unknown
ASV253	unknown	unknown	unknown	unknown	unknown
ASV254	unknown	unknown	unknown	unknown	unknown
ASV255	unknown	unknown	unknown	unknown	unknown
ASV256	unknown	unknown	unknown	unknown	unknown
ASV257	unknown	unknown	unknown	unknown	unknown
ASV258	unknown	unknown	unknown	unknown	unknown
ASV259	unknown	unknown	unknown	unknown	unknown
ASV260	unknown	unknown	unknown	unknown	unknown
ASV261	unknown	unknown	unknown	unknown	unknown
ASV262	unknown	unknown	unknown	unknown	unknown
ASV263	unknown	unknown	unknown	unknown	unknown
ASV264	unknown	unknown	unknown	unknown	unknown
ASV265	unknown	unknown	unknown	unknown	unknown
ASV266	unknown	unknown	unknown	unknown	unknown
ASV267	unknown	unknown	unknown	unknown	unknown
ASV268	unknown	unknown	unknown	unknown	unknown
ASV269	unknown	unknown	unknown	unknown	unknown
ASV270	unknown	unknown	unknown	unknown	unknown
ASV271	unknown	unknown	unknown	unknown	unknown
ASV272	yes	mixed	unknown	unknown	unknown
ASV273	unknown	unknown	unknown	unknown	unknown
ASV274	yes	unknown	unknown	unknown	unknown
ASV275	unknown	unknown	unknown	unknown	unknown
ASV276	unknown	unknown	unknown	unknown	unknown
ASV277	unknown	unknown	unknown	unknown	unknown
ASV278	unknown	unknown	unknown	unknown	unknown
ASV279	unknown	unknown	unknown	unknown	unknown
ASV280	unknown	unknown	unknown	unknown	unknown
ASV281	unknown	unknown	unknown	unknown	unknown
ASV282	unknown	unknown	unknown	unknown	unknown
ASV283	unknown	unknown	unknown	unknown	unknown
ASV284	unknown	unknown	unknown	unknown	unknown
ASV285	unknown	unknown	unknown	unknown	unknown
ASV286	unknown	unknown	unknown	unknown	unknown
ASV287	unknown	unknown	unknown	unknown	unknown
ASV288	unknown	unknown	unknown	unknown	unknown
ASV289	yes	unknown	unknown	unknown	unknown
ASV290	yes	anaerobe	unknown	unknown	unknown
ASV291	unknown	unknown	unknown	unknown	unknown
ASV292	unknown	unknown	unknown	unknown	unknown
ASV293	unknown	unknown	unknown	unknown	unknown
ASV294	unknown	unknown	unknown	unknown	unknown
ASV295	unknown	unknown	unknown	unknown	unknown
ASV296	yes	anaerobe	unknown	unknown	unknown
ASV297	unknown	unknown	unknown	unknown	unknown
ASV298	yes	unknown	negative	unknown	unknown
ASV299	unknown	unknown	unknown	unknown	unknown
ASV300	unknown	unknown	unknown	unknown	unknown
ASV301	unknown	unknown	unknown	unknown	unknown
ASV302	unknown	unknown	unknown	unknown	unknown
ASV303	unknown	unknown	unknown	unknown	unknown
ASV304	unknown	unknown	unknown	unknown	unknown
ASV305	yes	mixed	unknown	unknown	unknown
ASV306	unknown	unknown	unknown	unknown	unknown
ASV307	unknown	unknown	unknown	unknown	unknown
ASV308	unknown	unknown	unknown	unknown	unknown
ASV309	no	unknown	unknown	unknown	unknown
ASV310	unknown	unknown	unknown	unknown	unknown
ASV311	unknown	unknown	unknown	unknown	unknown
ASV312	unknown	unknown	unknown	unknown	unknown
ASV313	unknown	unknown	unknown	unknown	unknown
ASV314	unknown	unknown	unknown	unknown	unknown
ASV315	unknown	unknown	unknown	unknown	unknown
ASV316	unknown	unknown	unknown	unknown	unknown
ASV317	unknown	unknown	unknown	unknown	unknown
ASV318	unknown	unknown	unknown	unknown	unknown
ASV319	yes	unknown	unknown	unknown	unknown
ASV320	unknown	unknown	unknown	unknown	unknown
ASV321	unknown	unknown	unknown	unknown	unknown
ASV322	unknown	unknown	unknown	unknown	unknown
ASV323	unknown	unknown	unknown	unknown	unknown
ASV324	unknown	unknown	unknown	unknown	unknown
ASV325	unknown	unknown	unknown	unknown	unknown
ASV326	unknown	unknown	unknown	unknown	unknown
ASV327	unknown	unknown	unknown	unknown	unknown
ASV328	unknown	unknown	unknown	unknown	unknown
ASV329	unknown	unknown	unknown	unknown	unknown
ASV330	unknown	unknown	unknown	unknown	unknown
ASV331	unknown	unknown	unknown	unknown	unknown
ASV332	unknown	unknown	unknown	unknown	unknown
ASV333	unknown	unknown	unknown	unknown	unknown
ASV334	unknown	unknown	unknown	unknown	unknown
ASV335	unknown	unknown	unknown	unknown	unknown
ASV336	unknown	unknown	unknown	unknown	unknown
ASV337	unknown	unknown	unknown	unknown	unknown
ASV338	unknown	unknown	unknown	unknown	unknown
ASV339	unknown	unknown	unknown	unknown	unknown
ASV340	yes	unknown	unknown	unknown	unknown
ASV341	yes	anaerobe	negative	unknown	no
ASV342	yes	anaerobe	unknown	unknown	unknown
ASV343	unknown	unknown	unknown	unknown	unknown
ASV344	unknown	unknown	unknown	unknown	unknown
ASV345	yes	anaerobe	unknown	unknown	unknown
ASV346	unknown	unknown	unknown	unknown	unknown
ASV347	unknown	unknown	unknown	unknown	unknown
ASV348	unknown	unknown	unknown	unknown	unknown
ASV349	unknown	unknown	unknown	unknown	unknown
ASV350	yes	anaerobe	unknown	unknown	unknown
ASV351	unknown	unknown	unknown	unknown	unknown
ASV352	unknown	unknown	unknown	unknown	unknown
ASV353	unknown	unknown	unknown	unknown	unknown
ASV354	unknown	unknown	unknown	unknown	unknown
ASV355	unknown	unknown	unknown	unknown	unknown
ASV356	unknown	unknown	unknown	unknown	unknown
ASV357	unknown	unknown	unknown	unknown	unknown
ASV358	unknown	unknown	unknown	unknown	unknown
ASV359	unknown	unknown	unknown	unknown	unknown
ASV360	yes	unknown	unknown	unknown	unknown
ASV361	unknown	unknown	unknown	unknown	unknown
ASV362	unknown	unknown	unknown	unknown	unknown
ASV363	unknown	unknown	unknown	unknown	unknown
ASV364	unknown	unknown	unknown	unknown	unknown
ASV365	unknown	unknown	unknown	unknown	unknown
ASV366	unknown	unknown	unknown	unknown	unknown
ASV367	unknown	unknown	unknown	unknown	unknown
ASV368	unknown	unknown	unknown	unknown	unknown
ASV369	unknown	unknown	unknown	unknown	unknown
ASV370	yes	mixed	unknown	unknown	unknown
ASV371	unknown	unknown	unknown	unknown	unknown
ASV372	unknown	unknown	unknown	unknown	unknown
ASV373	unknown	unknown	unknown	unknown	unknown
ASV374	unknown	unknown	unknown	unknown	unknown
ASV375	yes	aerobe	negative	unknown	unknown
ASV376	no	unknown	unknown	unknown	unknown
ASV377	no	unknown	unknown	unknown	unknown
ASV378	unknown	unknown	unknown	unknown	unknown
ASV379	unknown	unknown	unknown	unknown	unknown
ASV380	unknown	unknown	unknown	unknown	unknown
ASV381	unknown	unknown	unknown	unknown	unknown
ASV382	unknown	unknown	unknown	unknown	unknown
ASV383	unknown	unknown	unknown	unknown	unknown
ASV384	unknown	unknown	unknown	unknown	unknown
ASV385	unknown	unknown	unknown	unknown	unknown
ASV386	unknown	unknown	unknown	unknown	unknown
ASV387	unknown	unknown	unknown	unknown	unknown
ASV388	unknown	unknown	unknown	unknown	unknown
ASV389	unknown	unknown	unknown	unknown	unknown
ASV390	yes	anaerobe	unknown	unknown	unknown
ASV391	unknown	unknown	unknown	unknown	unknown
ASV392	unknown	unknown	unknown	unknown	unknown
ASV393	unknown	unknown	unknown	unknown	unknown
ASV394	unknown	unknown	unknown	unknown	unknown
ASV395	unknown	unknown	unknown	unknown	unknown
ASV396	unknown	unknown	unknown	unknown	unknown
ASV397	unknown	unknown	unknown	unknown	unknown
ASV398	unknown	unknown	unknown	unknown	unknown
ASV399	unknown	unknown	unknown	unknown	unknown
ASV400	yes	mixed	unknown	unknown	unknown
ASV401	unknown	unknown	unknown	unknown	unknown
ASV402	yes	anaerobe	unknown	unknown	unknown
ASV403	no	unknown	unknown	unknown	unknown
ASV404	yes	anaerobe	unknown	unknown	unknown
ASV405	unknown	unknown	unknown	unknown	unknown
ASV406	unknown	unknown	unknown	unknown	unknown
ASV407	unknown	unknown	unknown	unknown	unknown
ASV408	unknown	unknown	unknown	unknown	unknown
ASV409	unknown	unknown	unknown	unknown	unknown
ASV410	unknown	unknown	unknown	unknown	unknown
ASV411	unknown	unknown	unknown	unknown	unknown
ASV412	unknown	unknown	unknown	unknown	unknown
ASV413	unknown	unknown	unknown	unknown	unknown
ASV414	unknown	unknown	unknown	unknown	unknown
ASV415	unknown	unknown	unknown	unknown	unknown
ASV416	unknown	unknown	unknown	unknown	unknown
ASV417	yes	anaerobe	unknown	unknown	unknown
ASV418	unknown	unknown	unknown	unknown	unknown
ASV419	unknown	unknown	unknown	unknown	unknown
ASV420	unknown	unknown	unknown	unknown	unknown
ASV421	unknown	unknown	unknown	unknown	unknown
ASV422	unknown	unknown	unknown	unknown	unknown
ASV423	unknown	unknown	unknown	unknown	unknown
ASV424	unknown	unknown	unknown	unknown	unknown
ASV425	unknown	unknown	unknown	unknown	unknown
ASV426	unknown	unknown	unknown	unknown	unknown
ASV427	unknown	unknown	unknown	unknown	unknown
ASV428	unknown	unknown	unknown	unknown	unknown
ASV429	unknown	unknown	unknown	unknown	unknown
ASV430	unknown	unknown	unknown	unknown	unknown
ASV431	unknown	unknown	unknown	unknown	unknown
ASV432	unknown	unknown	unknown	unknown	unknown
ASV433	yes	anaerobe	unknown	unknown	unknown
ASV434	unknown	unknown	unknown	unknown	unknown
ASV435	unknown	unknown	unknown	unknown	unknown
ASV436	yes	aerobe	unknown	unknown	unknown
ASV437	yes	anaerobe	unknown	unknown	unknown
ASV438	unknown	unknown	unknown	unknown	unknown
ASV439	unknown	unknown	unknown	unknown	unknown
ASV440	unknown	unknown	unknown	unknown	unknown
ASV441	unknown	unknown	unknown	unknown	unknown
ASV442	unknown	unknown	unknown	unknown	unknown
ASV443	unknown	unknown	unknown	unknown	unknown
ASV444	unknown	unknown	unknown	unknown	unknown
ASV445	unknown	unknown	unknown	unknown	unknown
ASV446	unknown	unknown	unknown	unknown	unknown
ASV447	unknown	unknown	unknown	unknown	unknown
ASV448	yes	anaerobe	unknown	unknown	unknown
ASV449	unknown	unknown	unknown	unknown	unknown
ASV450	unknown	unknown	unknown	unknown	unknown
ASV451	unknown	unknown	unknown	unknown	unknown
ASV452	yes	anaerobe	unknown	unknown	unknown
ASV453	unknown	unknown	unknown	unknown	unknown
ASV454	unknown	unknown	unknown	unknown	unknown
ASV455	unknown	unknown	unknown	unknown	unknown
ASV456	unknown	unknown	unknown	unknown	unknown
ASV457	unknown	unknown	unknown	unknown	unknown
ASV458	unknown	unknown	unknown	unknown	unknown
ASV459	yes	unknown	unknown	unknown	unknown
ASV460	unknown	unknown	unknown	unknown	unknown
ASV461	unknown	unknown	unknown	unknown	unknown
ASV462	unknown	unknown	unknown	unknown	unknown
ASV463	unknown	unknown	unknown	unknown	unknown
ASV464	unknown	unknown	unknown	unknown	unknown
ASV465	unknown	unknown	unknown	unknown	unknown
ASV466	unknown	unknown	unknown	unknown	unknown
ASV467	unknown	unknown	unknown	unknown	unknown
ASV468	unknown	unknown	unknown	unknown	unknown
ASV469	unknown	unknown	unknown	unknown	unknown
ASV470	unknown	unknown	unknown	unknown	unknown
ASV471	yes	unknown	negative	unknown	no
ASV472	yes	unknown	unknown	unknown	unknown
ASV473	unknown	unknown	unknown	unknown	unknown
ASV474	unknown	unknown	unknown	unknown	unknown
ASV475	yes	anaerobe	unknown	unknown	unknown
ASV476	yes	mixed	unknown	unknown	unknown
ASV477	unknown	unknown	unknown	unknown	unknown
ASV478	unknown	unknown	unknown	unknown	unknown
ASV479	unknown	unknown	unknown	unknown	unknown
ASV480	unknown	unknown	unknown	unknown	unknown
ASV481	no	unknown	unknown	unknown	unknown
ASV482	unknown	unknown	unknown	unknown	unknown
ASV483	unknown	unknown	unknown	unknown	unknown
ASV484	unknown	unknown	unknown	unknown	unknown
ASV485	unknown	unknown	unknown	unknown	unknown
ASV486	unknown	unknown	unknown	unknown	unknown
ASV487	unknown	unknown	unknown	unknown	unknown
ASV488	unknown	unknown	unknown	unknown	unknown
ASV489	unknown	unknown	unknown	unknown	unknown
ASV490	unknown	unknown	unknown	unknown	unknown
ASV491	unknown	unknown	unknown	unknown	unknown
ASV492	unknown	unknown	unknown	unknown	unknown
ASV493	unknown	unknown	unknown	unknown	unknown
ASV494	unknown	unknown	unknown	unknown	unknown
ASV495	unknown	unknown	unknown	unknown	unknown
ASV496	unknown	unknown	unknown	unknown	unknown
ASV497	unknown	unknown	unknown	unknown	unknown
ASV498	unknown	unknown	unknown	unknown	unknown
ASV499	unknown	unknown	unknown	unknown	unknown
ASV500	unknown	unknown	unknown	unknown	unknown
ASV501	unknown	unknown	unknown	unknown	unknown
ASV502	unknown	unknown	unknown	unknown	unknown
ASV503	unknown	unknown	unknown	unknown	unknown
ASV504	unknown	unknown	unknown	unknown	unknown
ASV505	yes	unknown	unknown	unknown	unknown
ASV506	unknown	unknown	unknown	unknown	unknown
ASV507	unknown	unknown	unknown	unknown	unknown
ASV508	unknown	unknown	unknown	unknown	unknown
ASV509	unknown	unknown	unknown	unknown	unknown
ASV510	unknown	unknown	unknown	unknown	unknown
ASV511	unknown	unknown	unknown	unknown	unknown
ASV512	unknown	unknown	unknown	unknown	unknown
ASV513	unknown	unknown	unknown	unknown	unknown
ASV514	unknown	unknown	unknown	unknown	unknown
ASV515	unknown	unknown	unknown	unknown	unknown
ASV516	unknown	unknown	unknown	unknown	unknown
ASV517	unknown	unknown	unknown	unknown	unknown
ASV518	unknown	unknown	unknown	unknown	unknown
ASV519	unknown	unknown	unknown	unknown	unknown
ASV520	unknown	unknown	unknown	unknown	unknown
ASV521	unknown	unknown	unknown	unknown	unknown
ASV522	unknown	unknown	unknown	unknown	unknown
ASV523	unknown	unknown	unknown	unknown	unknown
ASV524	unknown	unknown	unknown	unknown	unknown
ASV525	unknown	unknown	unknown	unknown	unknown
ASV526	unknown	unknown	unknown	unknown	unknown
ASV527	unknown	unknown	unknown	unknown	unknown
ASV528	unknown	unknown	unknown	unknown	unknown
ASV529	unknown	unknown	unknown	unknown	unknown
ASV530	unknown	unknown	unknown	unknown	unknown
ASV531	unknown	unknown	unknown	unknown	unknown
ASV532	yes	facultative_anaerobe	negative	unknown	yes
ASV533	unknown	unknown	unknown	unknown	unknown
ASV534	unknown	unknown	unknown	unknown	unknown
ASV535	unknown	unknown	unknown	unknown	unknown
ASV536	yes	anaerobe	unknown	unknown	unknown
ASV537	unknown	unknown	unknown	unknown	unknown
ASV538	unknown	unknown	unknown	unknown	unknown
ASV539	unknown	unknown	unknown	unknown	unknown
ASV540	unknown	unknown	unknown	unknown	unknown
ASV541	unknown	unknown	unknown	unknown	unknown
ASV542	unknown	unknown	unknown	unknown	unknown
ASV543	unknown	unknown	unknown	unknown	unknown
ASV544	unknown	unknown	unknown	unknown	unknown
ASV545	unknown	unknown	unknown	unknown	unknown
ASV546	unknown	unknown	unknown	unknown	unknown
ASV547	unknown	unknown	unknown	unknown	unknown
ASV548	unknown	unknown	unknown	unknown	unknown
ASV549	unknown	unknown	unknown	unknown	unknown
ASV550	unknown	unknown	unknown	unknown	unknown
ASV551	unknown	unknown	unknown	unknown	unknown
ASV552	unknown	unknown	unknown	unknown	unknown
ASV553	unknown	unknown	unknown	unknown	unknown
ASV554	unknown	unknown	unknown	unknown	unknown
ASV555	unknown	unknown	unknown	unknown	unknown
ASV556	unknown	unknown	unknown	unknown	unknown
ASV557	unknown	unknown	unknown	unknown	unknown
ASV558	unknown	unknown	unknown	unknown	unknown
ASV559	unknown	unknown	unknown	unknown	unknown
ASV560	unknown	unknown	unknown	unknown	unknown
ASV561	unknown	unknown	unknown	unknown	unknown
ASV562	unknown	unknown	unknown	unknown	unknown
ASV563	unknown	unknown	unknown	unknown	unknown
ASV564	unknown	unknown	unknown	unknown	unknown
ASV565	unknown	unknown	unknown	unknown	unknown
ASV566	unknown	unknown	unknown	unknown	unknown
ASV567	unknown	unknown	unknown	unknown	unknown
ASV568	yes	mixed	unknown	unknown	unknown
ASV569	unknown	unknown	unknown	unknown	unknown
ASV570	unknown	unknown	unknown	unknown	unknown
ASV571	unknown	unknown	unknown	unknown	unknown
ASV572	unknown	unknown	unknown	unknown	unknown
ASV573	yes	aerobe	negative	unknown	unknown
ASV574	unknown	unknown	unknown	unknown	unknown
ASV575	yes	unknown	unknown	unknown	unknown
ASV576	unknown	unknown	unknown	unknown	unknown
ASV577	yes	anaerobe	unknown	unknown	unknown
ASV578	unknown	unknown	unknown	unknown	unknown
ASV579	yes	unknown	unknown	unknown	unknown
ASV580	unknown	unknown	unknown	unknown	unknown
ASV581	unknown	unknown	unknown	unknown	unknown
ASV582	unknown	unknown	unknown	unknown	unknown
ASV583	unknown	unknown	unknown	unknown	unknown
ASV584	unknown	unknown	unknown	unknown	unknown
ASV585	unknown	unknown	unknown	unknown	unknown
ASV586	unknown	unknown	unknown	unknown	unknown
ASV587	unknown	unknown	unknown	unknown	unknown
ASV588	unknown	unknown	unknown	unknown	unknown
ASV589	yes	anaerobe	unknown	unknown	unknown
ASV590	unknown	unknown	unknown	unknown	unknown
ASV591	yes	unknown	positive	unknown	unknown
ASV592	unknown	unknown	unknown	unknown	unknown
ASV593	unknown	unknown	unknown	unknown	unknown
ASV594	unknown	unknown	unknown	unknown	unknown
ASV595	unknown	unknown	unknown	unknown	unknown
ASV596	unknown	unknown	unknown	unknown	unknown
ASV597	unknown	unknown	unknown	unknown	unknown
ASV598	unknown	unknown	unknown	unknown	unknown
ASV599	unknown	unknown	unknown	unknown	unknown
ASV600	unknown	unknown	unknown	unknown	unknown
ASV601	unknown	unknown	unknown	unknown	unknown
ASV602	unknown	unknown	unknown	unknown	unknown
ASV603	unknown	unknown	unknown	unknown	unknown
ASV604	yes	unknown	unknown	unknown	unknown
ASV605	unknown	unknown	unknown	unknown	unknown
ASV606	unknown	unknown	unknown	unknown	unknown
ASV607	unknown	unknown	unknown	unknown	unknown
ASV608	unknown	unknown	unknown	unknown	unknown
ASV609	no	unknown	unknown	unknown	unknown
ASV610	unknown	unknown	unknown	unknown	unknown
ASV611	unknown	unknown	unknown	unknown	unknown
ASV612	unknown	unknown	unknown	unknown	unknown
ASV613	unknown	unknown	unknown	unknown	unknown
ASV614	unknown	unknown	unknown	unknown	unknown
ASV615	unknown	unknown	unknown	unknown	unknown
ASV616	unknown	unknown	unknown	unknown	unknown
ASV617	unknown	unknown	unknown	unknown	unknown
ASV618	unknown	unknown	unknown	unknown	unknown
ASV619	unknown	unknown	unknown	unknown	unknown
ASV620	unknown	unknown	unknown	unknown	unknown
ASV621	unknown	unknown	unknown	unknown	unknown
ASV622	unknown	unknown	unknown	unknown	unknown
ASV623	yes	anaerobe	unknown	unknown	unknown
ASV624	unknown	unknown	unknown	unknown	unknown
ASV625	unknown	unknown	unknown	unknown	unknown
ASV626	unknown	unknown	unknown	unknown	unknown
ASV627	unknown	unknown	unknown	unknown	unknown
ASV628	no	unknown	unknown	unknown	unknown
ASV629	yes	anaerobe	unknown	unknown	unknown
ASV630	unknown	unknown	unknown	unknown	unknown
ASV631	unknown	unknown	unknown	unknown	unknown
ASV632	unknown	unknown	unknown	unknown	unknown
ASV633	unknown	unknown	unknown	unknown	unknown
ASV634	unknown	unknown	unknown	unknown	unknown
ASV635	unknown	unknown	unknown	unknown	unknown
ASV636	unknown	unknown	unknown	unknown	unknown
ASV637	unknown	unknown	unknown	unknown	unknown
ASV638	unknown	unknown	unknown	unknown	unknown
ASV639	unknown	unknown	unknown	unknown	unknown
ASV640	unknown	unknown	unknown	unknown	unknown
ASV641	unknown	unknown	unknown	unknown	unknown
ASV642	unknown	unknown	unknown	unknown	unknown
ASV643	unknown	unknown	unknown	unknown	unknown
ASV644	yes	unknown	unknown	unknown	unknown
ASV645	yes	mixed	unknown	unknown	unknown
ASV646	unknown	unknown	unknown	unknown	unknown
ASV647	unknown	unknown	unknown	unknown	unknown
ASV648	yes	unknown	unknown	unknown	unknown
ASV649	unknown	unknown	unknown	unknown	unknown
ASV650	unknown	unknown	unknown	unknown	unknown
ASV651	unknown	unknown	unknown	unknown	unknown
ASV652	unknown	unknown	unknown	unknown	unknown
ASV653	unknown	unknown	unknown	unknown	unknown
ASV654	unknown	unknown	unknown	unknown	unknown
ASV655	unknown	unknown	unknown	unknown	unknown
ASV656	unknown	unknown	unknown	unknown	unknown
ASV657	unknown	unknown	unknown	unknown	unknown
ASV658	unknown	unknown	unknown	unknown	unknown
ASV659	unknown	unknown	unknown	unknown	unknown
ASV660	unknown	unknown	unknown	unknown	unknown
ASV661	unknown	unknown	unknown	unknown	unknown
ASV662	unknown	unknown	unknown	unknown	unknown
ASV663	unknown	unknown	unknown	unknown	unknown
ASV664	unknown	unknown	unknown	unknown	unknown
ASV665	unknown	unknown	unknown	unknown	unknown
ASV666	unknown	unknown	unknown	unknown	unknown
ASV667	yes	microaerophile	unknown	yes	unknown
ASV668	unknown	unknown	unknown	unknown	unknown
ASV669	unknown	unknown	unknown	unknown	unknown
ASV670	unknown	unknown	unknown	unknown	unknown
ASV671	unknown	unknown	unknown	unknown	unknown
ASV672	unknown	unknown	unknown	unknown	unknown
ASV673	unknown	unknown	unknown	unknown	unknown
ASV674	unknown	unknown	unknown	unknown	unknown
ASV675	unknown	unknown	unknown	unknown	unknown
ASV676	unknown	unknown	unknown	unknown	unknown
ASV677	unknown	unknown	unknown	unknown	unknown
ASV678	unknown	unknown	unknown	unknown	unknown
ASV679	unknown	unknown	unknown	unknown	unknown
ASV680	unknown	unknown	unknown	unknown	unknown
ASV681	unknown	unknown	unknown	unknown	unknown
ASV682	unknown	unknown	unknown	unknown	unknown
ASV683	unknown	unknown	unknown	unknown	unknown
ASV684	no	unknown	unknown	unknown	unknown
ASV685	unknown	unknown	unknown	unknown	unknown
ASV686	unknown	unknown	unknown	unknown	unknown
ASV687	unknown	unknown	unknown	unknown	unknown
ASV688	unknown	unknown	unknown	unknown	unknown
ASV689	yes	microaerophile	unknown	yes	unknown
ASV690	unknown	unknown	unknown	unknown	unknown
ASV691	unknown	unknown	unknown	unknown	unknown
ASV692	unknown	unknown	unknown	unknown	unknown
ASV693	unknown	unknown	unknown	unknown	unknown
ASV694	unknown	unknown	unknown	unknown	unknown
ASV695	unknown	unknown	unknown	unknown	unknown
ASV696	unknown	unknown	unknown	unknown	unknown
ASV697	unknown	unknown	unknown	unknown	unknown
ASV698	unknown	unknown	unknown	unknown	unknown
ASV699	unknown	unknown	unknown	unknown	unknown
ASV700	unknown	unknown	unknown	unknown	unknown
ASV701	unknown	unknown	unknown	unknown	unknown
ASV702	unknown	unknown	unknown	unknown	unknown
ASV703	yes	aerobe	unknown	unknown	unknown
ASV704	unknown	unknown	unknown	unknown	unknown
ASV705	unknown	unknown	unknown	unknown	unknown
ASV706	unknown	unknown	unknown	unknown	unknown
ASV707	unknown	unknown	unknown	unknown	unknown
ASV708	unknown	unknown	unknown	unknown	unknown
ASV709	unknown	unknown	unknown	unknown	unknown
ASV710	unknown	unknown	unknown	unknown	unknown
ASV711	unknown	unknown	unknown	unknown	unknown
ASV712	unknown	unknown	unknown	unknown	unknown
ASV713	unknown	unknown	unknown	unknown	unknown
ASV714	unknown	unknown	unknown	unknown	unknown
ASV715	unknown	unknown	unknown	unknown	unknown
ASV716	unknown	unknown	unknown	unknown	unknown
ASV717	unknown	unknown	unknown	unknown	unknown
ASV718	unknown	unknown	unknown	unknown	unknown
ASV719	unknown	unknown	unknown	unknown	unknown
ASV720	unknown	unknown	unknown	unknown	unknown
ASV721	unknown	unknown	unknown	unknown	unknown
ASV722	unknown	unknown	unknown	unknown	unknown
ASV723	unknown	unknown	unknown	unknown	unknown
ASV724	unknown	unknown	unknown	unknown	unknown
ASV725	unknown	unknown	unknown	unknown	unknown
ASV726	unknown	unknown	unknown	unknown	unknown
ASV727	unknown	unknown	unknown	unknown	unknown
ASV728	unknown	unknown	unknown	unknown	unknown
ASV729	unknown	unknown	unknown	unknown	unknown
ASV730	unknown	unknown	unknown	unknown	unknown
ASV731	unknown	unknown	unknown	unknown	unknown
ASV732	yes	anaerobe	unknown	unknown	unknown
ASV733	unknown	unknown	unknown	unknown	unknown
ASV734	unknown	unknown	unknown	unknown	unknown
ASV735	unknown	unknown	unknown	unknown	unknown
ASV736	unknown	unknown	unknown	unknown	unknown
ASV737	unknown	unknown	unknown	unknown	unknown
ASV738	yes	microaerophile	unknown	yes	unknown
ASV739	unknown	unknown	unknown	unknown	unknown
ASV740	unknown	unknown	unknown	unknown	unknown
ASV741	unknown	unknown	unknown	unknown	unknown
ASV742	unknown	unknown	unknown	unknown	unknown
ASV743	unknown	unknown	unknown	unknown	unknown
ASV744	unknown	unknown	unknown	unknown	unknown
ASV745	unknown	unknown	unknown	unknown	unknown
ASV746	unknown	unknown	unknown	unknown	unknown
ASV747	unknown	unknown	unknown	unknown	unknown
ASV748	unknown	unknown	unknown	unknown	unknown
ASV749	unknown	unknown	unknown	unknown	unknown
ASV750	unknown	unknown	unknown	unknown	unknown
ASV751	unknown	unknown	unknown	unknown	unknown
ASV752	unknown	unknown	unknown	unknown	unknown
ASV753	unknown	unknown	unknown	unknown	unknown
ASV754	unknown	unknown	unknown	unknown	unknown
ASV755	unknown	unknown	unknown	unknown	unknown
ASV756	unknown	unknown	unknown	unknown	unknown
ASV757	unknown	unknown	unknown	unknown	unknown
ASV758	unknown	unknown	unknown	unknown	unknown
ASV759	unknown	unknown	unknown	unknown	unknown
ASV760	unknown	unknown	unknown	unknown	unknown
ASV761	unknown	unknown	unknown	unknown	unknown
ASV762	unknown	unknown	unknown	unknown	unknown
ASV763	unknown	unknown	unknown	unknown	unknown
ASV764	unknown	unknown	unknown	unknown	unknown
ASV765	unknown	unknown	unknown	unknown	unknown
ASV766	unknown	unknown	unknown	unknown	unknown
ASV767	unknown	unknown	unknown	unknown	unknown
ASV768	unknown	unknown	unknown	unknown	unknown
ASV769	unknown	unknown	unknown	unknown	unknown
ASV770	unknown	unknown	unknown	unknown	unknown
ASV771	unknown	unknown	unknown	unknown	unknown
ASV772	unknown	unknown	unknown	unknown	unknown
ASV773	unknown	unknown	unknown	unknown	unknown
ASV774	unknown	unknown	unknown	unknown	unknown
ASV775	unknown	unknown	unknown	unknown	unknown
ASV776	unknown	unknown	unknown	unknown	unknown
ASV777	unknown	unknown	unknown	unknown	unknown
ASV778	unknown	unknown	unknown	unknown	unknown
ASV779	unknown	unknown	unknown	unknown	unknown
ASV780	unknown	unknown	unknown	unknown	unknown
ASV781	yes	unknown	unknown	unknown	unknown
ASV782	yes	anaerobe	unknown	unknown	unknown
ASV783	unknown	unknown	unknown	unknown	unknown
ASV784	unknown	unknown	unknown	unknown	unknown
ASV785	unknown	unknown	unknown	unknown	unknown
ASV786	unknown	unknown	unknown	unknown	unknown
ASV787	unknown	unknown	unknown	unknown	unknown
ASV788	unknown	unknown	unknown	unknown	unknown
ASV789	unknown	unknown	unknown	unknown	unknown
ASV790	unknown	unknown	unknown	unknown	unknown
ASV791	unknown	unknown	unknown	unknown	unknown
ASV792	unknown	unknown	unknown	unknown	unknown
ASV793	unknown	unknown	unknown	unknown	unknown
ASV794	unknown	unknown	unknown	unknown	unknown
ASV795	unknown	unknown	unknown	unknown	unknown
ASV796	unknown	unknown	unknown	unknown	unknown
ASV797	unknown	unknown	unknown	unknown	unknown
ASV798	unknown	unknown	unknown	unknown	unknown
ASV799	unknown	unknown	unknown	unknown	unknown
ASV800	unknown	unknown	unknown	unknown	unknown
ASV801	unknown	unknown	unknown	unknown	unknown
ASV802	unknown	unknown	unknown	unknown	unknown
ASV803	unknown	unknown	unknown	unknown	unknown
ASV804	unknown	unknown	unknown	unknown	unknown
ASV805	unknown	unknown	unknown	unknown	unknown
ASV806	yes	unknown	unknown	unknown	unknown
ASV807	unknown	unknown	unknown	unknown	unknown
ASV808	unknown	unknown	unknown	unknown	unknown
ASV809	unknown	unknown	unknown	unknown	unknown
ASV810	unknown	unknown	unknown	unknown	unknown
ASV811	unknown	unknown	unknown	unknown	unknown
ASV812	unknown	unknown	unknown	unknown	unknown
ASV813	unknown	unknown	unknown	unknown	unknown
ASV814	unknown	unknown	unknown	unknown	unknown
ASV815	unknown	unknown	unknown	unknown	unknown
ASV816	unknown	unknown	unknown	unknown	unknown
ASV817	unknown	unknown	unknown	unknown	unknown
ASV818	unknown	unknown	unknown	unknown	unknown
ASV819	unknown	unknown	unknown	unknown	unknown
ASV820	unknown	unknown	unknown	unknown	unknown
ASV821	unknown	unknown	unknown	unknown	unknown
ASV822	unknown	unknown	unknown	unknown	unknown
ASV823	unknown	unknown	unknown	unknown	unknown
ASV824	unknown	unknown	unknown	unknown	unknown
ASV825	unknown	unknown	unknown	unknown	unknown
ASV826	unknown	unknown	unknown	unknown	unknown
ASV827	unknown	unknown	unknown	unknown	unknown
ASV828	unknown	unknown	unknown	unknown	unknown
ASV829	unknown	unknown	unknown	unknown	unknown
ASV830	unknown	unknown	unknown	unknown	unknown
ASV831	unknown	unknown	unknown	unknown	unknown
ASV832	unknown	unknown	unknown	unknown	unknown
ASV833	unknown	unknown	unknown	unknown	unknown
ASV834	unknown	unknown	unknown	unknown	unknown
ASV835	unknown	unknown	unknown	unknown	unknown
ASV836	unknown	unknown	unknown	unknown	unknown
ASV837	unknown	unknown	unknown	unknown	unknown
ASV838	unknown	unknown	unknown	unknown	unknown
ASV839	unknown	unknown	unknown	unknown	unknown
ASV840	unknown	unknown	unknown	unknown	unknown
ASV841	unknown	unknown	unknown	unknown	unknown
ASV842	unknown	unknown	unknown	unknown	unknown
ASV843	unknown	unknown	unknown	unknown	unknown
ASV844	unknown	unknown	unknown	unknown	unknown
ASV845	unknown	unknown	unknown	unknown	unknown
ASV846	unknown	unknown	unknown	unknown	unknown
ASV847	unknown	unknown	unknown	unknown	unknown
ASV848	unknown	unknown	unknown	unknown	unknown
ASV849	unknown	unknown	unknown	unknown	unknown
ASV850	unknown	unknown	unknown	unknown	unknown
ASV851	unknown	unknown	unknown	unknown	unknown
ASV852	unknown	unknown	unknown	unknown	unknown
ASV853	unknown	unknown	unknown	unknown	unknown
ASV854	unknown	unknown	unknown	unknown	unknown
ASV855	unknown	unknown	unknown	unknown	unknown
ASV856	unknown	unknown	unknown	unknown	unknown
ASV857	unknown	unknown	unknown	unknown	unknown
ASV858	unknown	unknown	unknown	unknown	unknown
ASV859	unknown	unknown	unknown	unknown	unknown
ASV860	unknown	unknown	unknown	unknown	unknown
ASV861	unknown	unknown	unknown	unknown	unknown
ASV862	unknown	unknown	unknown	unknown	unknown
ASV863	unknown	unknown	unknown	unknown	unknown
ASV864	unknown	unknown	unknown	unknown	unknown
ASV865	unknown	unknown	unknown	unknown	unknown
ASV866	unknown	unknown	unknown	unknown	unknown
ASV867	unknown	unknown	unknown	unknown	unknown
ASV868	unknown	unknown	unknown	unknown	unknown
ASV869	unknown	unknown	unknown	unknown	unknown
ASV870	unknown	unknown	unknown	unknown	unknown
ASV871	unknown	unknown	unknown	unknown	unknown
ASV872	unknown	unknown	unknown	unknown	unknown
ASV873	unknown	unknown	unknown	unknown	unknown
ASV874	unknown	unknown	unknown	unknown	unknown
ASV875	unknown	unknown	unknown	unknown	unknown
ASV876	unknown	unknown	unknown	unknown	unknown
ASV877	unknown	unknown	unknown	unknown	unknown
ASV878	unknown	unknown	unknown	unknown	unknown
ASV879	unknown	unknown	unknown	unknown	unknown
ASV880	unknown	unknown	unknown	unknown	unknown
ASV881	unknown	unknown	unknown	unknown	unknown
ASV882	unknown	unknown	unknown	unknown	unknown
ASV883	unknown	unknown	unknown	unknown	unknown
ASV884	unknown	unknown	unknown	unknown	unknown
ASV885	unknown	unknown	unknown	unknown	unknown
ASV886	unknown	unknown	unknown	unknown	unknown
ASV887	unknown	unknown	unknown	unknown	unknown
ASV888	unknown	unknown	unknown	unknown	unknown
ASV889	unknown	unknown	unknown	unknown	unknown
ASV890	unknown	unknown	unknown	unknown	unknown
ASV891	unknown	unknown	unknown	unknown	unknown
ASV892	unknown	unknown	unknown	unknown	unknown
ASV893	unknown	unknown	unknown	unknown	unknown
ASV894	unknown	unknown	unknown	unknown	unknown
ASV895	unknown	unknown	unknown	unknown	unknown
ASV896	unknown	unknown	unknown	unknown	unknown
ASV897	unknown	unknown	unknown	unknown	unknown
ASV898	unknown	unknown	unknown	unknown	unknown
ASV899	unknown	unknown	unknown	unknown	unknown
ASV900	unknown	unknown	unknown	unknown	unknown
ASV901	unknown	unknown	unknown	unknown	unknown
ASV902	unknown	unknown	unknown	unknown	unknown
ASV903	unknown	unknown	unknown	unknown	unknown
ASV904	unknown	unknown	unknown	unknown	unknown
ASV905	unknown	unknown	unknown	unknown	unknown
ASV906	unknown	unknown	unknown	unknown	unknown
ASV907	unknown	unknown	unknown	unknown	unknown
ASV908	unknown	unknown	unknown	unknown	unknown
ASV909	unknown	unknown	unknown	unknown	unknown
ASV910	unknown	unknown	unknown	unknown	unknown
ASV911	unknown	unknown	unknown	unknown	unknown
ASV912	unknown	unknown	unknown	unknown	unknown
ASV913	unknown	unknown	unknown	unknown	unknown
ASV914	unknown	unknown	unknown	unknown	unknown
ASV915	unknown	unknown	unknown	unknown	unknown
ASV916	unknown	unknown	unknown	unknown	unknown
ASV917	unknown	unknown	unknown	unknown	unknown
ASV918	unknown	unknown	unknown	unknown	unknown
ASV919	unknown	unknown	unknown	unknown	unknown
ASV920	unknown	unknown	unknown	unknown	unknown
ASV921	unknown	unknown	unknown	unknown	unknown
ASV922	unknown	unknown	unknown	unknown	unknown
ASV923	unknown	unknown	unknown	unknown	unknown
ASV924	unknown	unknown	unknown	unknown	unknown
ASV925	unknown	unknown	unknown	unknown	unknown
ASV926	unknown	unknown	unknown	unknown	unknown
ASV927	unknown	unknown	unknown	unknown	unknown
ASV928	unknown	unknown	unknown	unknown	unknown
ASV929	yes	anaerobe	unknown	unknown	unknown
ASV930	yes	anaerobe	unknown	unknown	unknown
ASV931	unknown	unknown	unknown	unknown	unknown
ASV932	yes	anaerobe	unknown	unknown	unknown
ASV933	yes	mixed	unknown	unknown	unknown
ASV934	unknown	unknown	unknown	unknown	unknown
ASV935	unknown	unknown	unknown	unknown	unknown
ASV936	yes	anaerobe	positive	unknown	no
ASV937	yes	unknown	unknown	unknown	unknown
ASV938	yes	unknown	unknown	unknown	unknown
ASV939	yes	anaerobe	unknown	unknown	unknown
ASV940	yes	anaerobe	unknown	unknown	unknown
ASV941	yes	unknown	unknown	unknown	unknown
ASV942	no	unknown	unknown	unknown	unknown
ASV943	unknown	unknown	unknown	unknown	unknown
ASV944	yes	unknown	unknown	unknown	unknown
ASV945	yes	anaerobe	unknown	unknown	unknown
ASV946	yes	anaerobe	unknown	unknown	unknown
ASV947	unknown	unknown	unknown	unknown	unknown
ASV948	yes	anaerobe	unknown	unknown	unknown
ASV949	unknown	unknown	unknown	unknown	unknown
ASV950	yes	unknown	negative	unknown	no
ASV951	unknown	unknown	unknown	unknown	unknown
ASV952	yes	anaerobe	unknown	unknown	unknown
ASV953	yes	unknown	unknown	unknown	unknown
ASV954	yes	anaerobe	unknown	unknown	unknown
ASV955	unknown	unknown	unknown	unknown	unknown
ASV956	unknown	unknown	unknown	unknown	unknown
ASV957	yes	mixed	unknown	unknown	unknown
ASV958	no	unknown	unknown	unknown	unknown
ASV959	unknown	unknown	unknown	unknown	unknown
ASV960	unknown	unknown	unknown	unknown	unknown
ASV961	unknown	unknown	unknown	unknown	unknown
ASV962	unknown	unknown	unknown	unknown	unknown
ASV963	unknown	unknown	unknown	unknown	unknown
ASV964	unknown	unknown	unknown	unknown	unknown
ASV965	unknown	unknown	unknown	unknown	unknown
ASV966	unknown	unknown	unknown	unknown	unknown
ASV967	unknown	unknown	unknown	unknown	unknown
ASV968	yes	anaerobe	unknown	unknown	unknown
ASV969	yes	anaerobe	unknown	unknown	unknown
ASV970	unknown	unknown	unknown	unknown	unknown
ASV971	unknown	unknown	unknown	unknown	unknown
ASV972	unknown	unknown	unknown	unknown	unknown
ASV973	yes	mixed	unknown	unknown	unknown
ASV974	unknown	unknown	unknown	unknown	unknown
ASV975	yes	anaerobe	unknown	unknown	unknown
ASV976	unknown	unknown	unknown	unknown	unknown
ASV977	unknown	unknown	unknown	unknown	unknown
ASV978	yes	unknown	negative	unknown	no
ASV979	yes	mixed	unknown	unknown	unknown
ASV980	unknown	unknown	unknown	unknown	unknown
ASV981	unknown	unknown	unknown	unknown	unknown
ASV982	yes	unknown	unknown	unknown	unknown
ASV983	no	unknown	unknown	unknown	unknown
ASV984	unknown	unknown	unknown	unknown	unknown
ASV985	unknown	unknown	unknown	unknown	unknown
ASV986	yes	anaerobe	unknown	unknown	unknown
ASV987	no	unknown	unknown	unknown	unknown
ASV988	unknown	unknown	unknown	unknown	unknown
ASV989	unknown	unknown	unknown	unknown	unknown
ASV990	unknown	unknown	unknown	unknown	unknown
ASV991	yes	anaerobe	unknown	unknown	unknown
ASV992	unknown	unknown	unknown	unknown	unknown
ASV993	unknown	unknown	unknown	unknown	unknown
ASV994	yes	unknown	unknown	unknown	unknown
ASV995	unknown	unknown	unknown	unknown	unknown
ASV996	yes	anaerobe	unknown	unknown	unknown
ASV997	unknown	unknown	unknown	unknown	unknown
ASV998	unknown	unknown	unknown	unknown	unknown
ASV999	unknown	unknown	unknown	unknown	unknown
ASV1000	yes	anaerobe	unknown	unknown	unknown
ASV1001	unknown	unknown	unknown	unknown	unknown
ASV1002	unknown	unknown	unknown	unknown	unknown
ASV1003	yes	anaerobe	unknown	unknown	unknown
ASV1004	no	unknown	unknown	unknown	unknown
ASV1005	no	unknown	unknown	unknown	unknown
ASV1006	yes	anaerobe	unknown	unknown	unknown
ASV1007	unknown	unknown	unknown	unknown	unknown
ASV1008	unknown	unknown	unknown	unknown	unknown
ASV1009	yes	unknown	negative	unknown	no
ASV1010	unknown	unknown	unknown	unknown	unknown
ASV1011	yes	anaerobe	negative	unknown	no
ASV1012	unknown	unknown	unknown	unknown	unknown
ASV1013	yes	anaerobe	unknown	unknown	unknown
ASV1014	unknown	unknown	unknown	unknown	unknown
ASV1015	unknown	unknown	unknown	unknown	unknown
ASV1016	yes	anaerobe	unknown	unknown	unknown
ASV1017	unknown	unknown	unknown	unknown	unknown
ASV1018	unknown	unknown	unknown	unknown	unknown
ASV1019	unknown	unknown	unknown	unknown	unknown
ASV1020	unknown	unknown	unknown	unknown	unknown
ASV1021	yes	mixed	unknown	unknown	unknown
ASV1022	yes	unknown	unknown	unknown	unknown
ASV1023	no	unknown	unknown	unknown	unknown
ASV1024	unknown	unknown	unknown	unknown	unknown
ASV1025	unknown	unknown	unknown	unknown	unknown
ASV1026	unknown	unknown	unknown	unknown	unknown
ASV1027	unknown	unknown	unknown	unknown	unknown
ASV1028	unknown	unknown	unknown	unknown	unknown
ASV1029	unknown	unknown	unknown	unknown	unknown
ASV1030	unknown	unknown	unknown	unknown	unknown
ASV1031	unknown	unknown	unknown	unknown	unknown
ASV1032	unknown	unknown	unknown	unknown	unknown
ASV1033	unknown	unknown	unknown	unknown	unknown
ASV1034	unknown	unknown	unknown	unknown	unknown
ASV1035	yes	mixed	unknown	unknown	unknown
ASV1036	yes	anaerobe	unknown	unknown	unknown
ASV1037	unknown	unknown	unknown	unknown	unknown
ASV1038	yes	anaerobe	unknown	unknown	unknown
ASV1039	unknown	unknown	unknown	unknown	unknown
ASV1040	yes	anaerobe	unknown	unknown	unknown
ASV1041	unknown	unknown	unknown	unknown	unknown
ASV1042	unknown	unknown	unknown	unknown	unknown
ASV1043	unknown	unknown	unknown	unknown	unknown
ASV1044	yes	anaerobe	unknown	unknown	unknown
ASV1045	yes	unknown	negative	unknown	no
ASV1046	unknown	unknown	unknown	unknown	unknown
ASV1047	unknown	unknown	unknown	unknown	unknown
ASV1048	yes	unknown	negative	unknown	unknown
ASV1049	unknown	unknown	unknown	unknown	unknown
ASV1050	unknown	unknown	unknown	unknown	unknown
ASV1051	unknown	unknown	unknown	unknown	unknown
